,0
h0_n_d_m_t0.75_11_9,1.3150992716821433e-46
b0_t0.25_11_9,1.3594307706238041e-46
self_11_9,2.978002052649752e-42
sep_10_6,1.4459354406311782e-41
beginning_11_6,3.022397024420928e-40
v_t0.025_11_9,9.224288521068509e-40
sep_11_9,3.550194580492428e-39
m_t0.1_11_9,4.053849433960559e-39
prev_11_9,2.6469855079853317e-38
sep_10_3,2.9237385960753677e-38
beginning_11_9,4.839039952731181e-38
next_11_9,6.598874407934175e-38
h0_t_d_11_9,1.0618956828012766e-37
beginning_11_0,1.918691326889151e-37
sep_10_2,3.282401495874527e-37
next_11_5,4.457052703766304e-37
sep_11_11,2.7144071410867568e-36
v_t0.05_11_9,3.409070311885782e-35
beginning_11_2,1.4042536090876283e-34
v_t0.025_11_5,3.6059348173350293e-34
v_t0.025_10_3,5.121883914565225e-33
c_t0.25_11_9,7.715097967485825e-33
b1_t0.5_10_3,7.964870587026898e-33
b0_t0.25_10_3,1.0164462819981941e-32
h0_n_d_m_t0.75_10_3,1.0249254719831143e-32
c_t0.5_10_3,1.2077300544589406e-32
sep_11_2,1.9870160879075043e-32
sep_11_5,3.3339677033260215e-32
v_t0.025_11_1,3.710154228244734e-32
b1_t0.05_11_9,5.116880341621183e-32
sep_10_8,7.192375557389506e-32
m_t0.05_11_9,7.818654176744943e-32
beginning_11_4,7.829605778668296e-32
beginning_11_3,7.945247645083131e-32
m_t0.5_11_7,8.397151872327789e-32
self_11_5,1.4687419180687237e-31
self_11_1,1.5233223923673053e-31
sep_11_6,2.374318552838543e-31
dot_11_9,3.6811649904997106e-31
self_11_6,1.5652009465345463e-30
v_t0.025_11_10,1.5916822249927034e-30
h0_t_d_10_6,2.528376734760902e-30
v_t0.25_11_9,2.886409495732264e-30
dot_11_11,3.2359207249556146e-30
sep_11_3,7.096362186307858e-30
h1_n_b_l_t0.70_11_9,8.257829787594257e-30
h1_s_10_3,9.46327061714668e-30
h1_n_b_l_t0.70_11_2,1.0284684670285206e-29
self_11_0,1.0632630088471516e-29
h1_n_b_m_t0.25_10_3,1.1276957915511255e-29
h1_nb_10_3,1.1276957915511255e-29
beginning_11_7,1.4610466166787502e-29
h1_n_b_l_t0.95_10_3,2.247025842271815e-29
k_t0.25_11_9,2.5323804722484294e-29
v_t0.05_11_5,3.879845576841333e-29
h1_t_b_10_3,5.10267682571533e-29
m_t0.5_11_5,6.745802917709021e-29
dot_10_2,8.875323610796394e-29
dot_10_6,1.1886657865051854e-28
next_11_10,1.85823606844275e-28
v_t0.05_10_3,1.864537855776089e-28
h0_t_d_10_3,2.0033615771287499e-28
dot_11_2,3.9945936320167903e-28
dot_11_3,6.921785004541759e-28
dot_10_3,7.940468262115007e-28
c_t0.25_11_1,1.1696554629159813e-27
m_t0.5_11_1,1.2823053705326406e-27
h1_n_b_l_t0.70_11_11,1.3909322918910218e-27
m_t0.1_11_5,1.5284253487919647e-27
sep_10_9,1.9707724996445736e-27
dot_11_5,4.502223636311943e-27
sep_9_11,4.5710659704872296e-27
b1_t0.1_11_9,5.186472768615575e-27
sep_9_7,6.489812737231545e-27
v_t0.05_11_1,6.60621184196073e-27
beginning_11_1,7.156405273198105e-27
self_10_3,1.1209562016097498e-26
v_t0.25_11_3,2.1104123313108775e-26
b1_t0.025_11_9,2.1632082964995406e-26
dot_10_8,2.315039479966025e-26
v_t0.05_11_2,2.93103528024624e-26
self_11_10,5.814612437285791e-26
next_11_1,7.23371498108431e-26
sep_11_1,8.909013739168268e-26
v_t0.05_11_0,1.2647945251601996e-25
beginning_11_11,2.0069364497133962e-25
sep_10_0,2.0455788989139293e-25
dot_11_10,2.0801676163087223e-25
dot_11_6,2.8002635550210676e-25
m_t0.1_10_3,4.80363845566057e-25
dot_11_1,1.2689340390300488e-24
h1_n_b_l_t0.70_11_3,1.44065363820468e-24
v_t0.025_11_7,2.2082068564384468e-24
prev_11_7,2.225498067107235e-24
beginning_10_8,3.2988440422426904e-24
v_t0.25_11_6,3.356591158155321e-24
next_11_7,4.1142476143196776e-24
prev_11_1,4.161328633308156e-24
m_t0.05_10_3,4.651959968200081e-24
c_t0.25_10_3,6.272903313491658e-24
e_t0.5_11_5,7.260952408102353e-24
sep_9_10,7.603003330829933e-24
sep_9_0,8.621137815740208e-24
sep_11_10,9.533087233230653e-24
c_t0.25_11_6,1.1672040318228336e-23
sep_11_0,1.8074429834615386e-23
self_10_10,2.3067822672918728e-23
beginning_11_5,2.3357272922126214e-23
dot_9_0,4.4359973451535406e-23
m_t0.1_11_10,4.494374569843408e-23
next_11_6,5.479265910644215e-23
prev_11_5,6.020376236098007e-23
v_t0.025_11_2,6.169376911390424e-23
b1_t0.05_11_5,8.436320839796781e-23
e_t0.5_11_1,8.876603647096705e-23
h0_n_d_m_t0.75_11_1,9.116212628235139e-23
b0_t0.25_11_1,9.145237582329369e-23
v_t0.5_11_5,9.20455976777687e-23
sep_10_7,1.0340017235276838e-22
v_t0.1_11_9,1.0699029774473697e-22
v_t0.25_10_3,1.1581869812680128e-22
dot_10_4,1.3477329294121794e-22
v_t0.25_11_2,1.5405107638567172e-22
h1_s_11_11,1.7884014545240408e-22
v_t0.5_11_1,2.673295731916907e-22
v_t0.05_11_10,3.6463499310521294e-22
h1_s_11_9,3.7018489527845005e-22
dot_11_7,4.346023104501353e-22
b1_t0.25_10_6,5.800893263280162e-22
v_t0.25_11_5,7.727595024511066e-22
v_t0.25_11_1,9.724781207523808e-22
k_t0.1_10_3,1.022510638694078e-21
b0_t0.25_10_6,1.1189152138564475e-21
e_t0.25_11_9,1.482616878107361e-21
h0_n_d_m_t0.75_10_6,1.6597891301714853e-21
v_t0.25_10_6,1.8659781349731275e-21
self_11_7,2.122219073617747e-21
self_10_6,2.147635096217331e-21
v_t0.025_11_0,2.2328348550405433e-21
s_t0.025_10_7,2.3438845393588267e-21
k_t0.25_11_11,2.6570416305313084e-21
dot_9_11,2.7713496918702917e-21
sep_10_4,3.390783497757973e-21
v_t0.25_11_0,3.7078256400824456e-21
b1_t0.05_11_1,3.824835953372808e-21
dot_10_7,3.99454550711271e-21
beginning_10_10,5.704699756554099e-21
e_t0.1_11_9,6.673762535282322e-21
h1_n_b_l_t0.70_11_0,6.76671523420032e-21
h1_n_b_l_t0.70_11_6,7.164371376482187e-21
m_t0.5_11_9,8.928303532499725e-21
dot_10_9,1.012526830725691e-20
c_t0.25_10_6,1.12598056883149e-20
e_t0.25_11_3,1.2518604553626583e-20
k_t0.25_11_6,1.8317549458989606e-20
dot_9_7,2.4405769983409824e-20
e_t0.5_11_7,2.6644062955903992e-20
h1_n_b_l_t0.70_11_5,2.88874109524561e-20
k_t0.05_10_3,3.2528122590712044e-20
v_t0.25_10_2,8.882591086204068e-20
dot_10_0,9.997935543095996e-20
h0_t_d_10_2,1.0575547355556848e-19
h1_s_11_6,1.2751953208982055e-19
beginning_11_10,2.5178065975099747e-19
v_t0.5_11_7,2.775769360955703e-19
v_t0.25_11_11,2.7945781928816063e-19
m_t0.05_11_10,2.872245322596477e-19
m_t0.05_11_5,3.311887937392263e-19
b1_t0.05_11_10,4.209972280545877e-19
c_t0.025_10_3,4.911179264971423e-19
k_t0.1_11_3,6.151008203535684e-19
b0_t0.25_11_5,6.934222660129093e-19
beginning_10_11,7.140553001580606e-19
h0_t_d_11_1,7.5692961946686555e-19
m_t0.1_11_1,7.607143899835974e-19
h0_n_d_m_t0.75_11_5,8.388283218224664e-19
h1_v_11_6,9.059805866241528e-19
k_t0.1_11_5,1.032327065230269e-18
e_t0.5_11_10,1.0347900913178594e-18
v_t0.05_11_6,1.235310078141755e-18
k_t0.1_11_10,1.4875337310345856e-18
h1_t_b_11_0,1.5253671890226534e-18
beginning_10_4,2.2803254925111084e-18
dot_11_0,2.7285390549414808e-18
e_t0.5_11_9,3.415230944349908e-18
h1_n_b_l_t0.70_11_1,3.499243982300883e-18
v_t0.025_11_6,6.241496444081034e-18
v_t0.5_11_10,6.396790749354865e-18
h1_e_10_3,6.95855311204131e-18
v_t0.25_11_7,7.783889029565627e-18
h1_n_b_l_t0.95_10_6,9.408201662255814e-18
c_t0.1_9_11,9.738412588817945e-18
c_t0.1_10_3,1.1250145297928466e-17
b1_t0.25_11_9,1.2568315194181186e-17
prev_11_10,1.3313054457250348e-17
b0_t0.25_11_7,1.3348444786818024e-17
v_t0.1_11_5,1.3550163616740412e-17
e_t0.25_11_2,1.461766396115777e-17
b0_t0.5_10_3,1.4712493019365338e-17
v_t0.5_11_9,1.5123243576428317e-17
h0_n_d_m_t0.75_11_7,1.576128766637429e-17
v_t0.25_11_10,1.6181790344684724e-17
h1_v_10_3,1.7788545569324288e-17
h0_n_d_m_t0.5_10_3,1.9107231976791785e-17
e_t0.05_11_9,2.1423562277999865e-17
h1_n_b_m_t0.25_10_6,2.192195804179498e-17
h1_nb_10_6,2.192195804179498e-17
c_t0.025_10_7,2.4641854652837064e-17
m_t0.025_11_9,2.5053745028678982e-17
b1_t0.025_11_5,2.8004531939989495e-17
k_t0.25_11_5,2.945368490520965e-17
c_t0.05_10_6,2.965223724285919e-17
b0_t0.25_11_6,4.315792919194674e-17
h1_n_b_l_t0.70_11_10,4.4534677142031785e-17
v_t0.25_11_8,4.4913018332199837e-17
b0_t0.25_11_10,4.677187381732791e-17
h0_n_d_m_t0.75_11_6,5.2064526258381444e-17
prev_11_0,5.623994697400792e-17
m_t0.1_11_3,5.67287788334353e-17
v_t0.1_11_10,6.098599427062501e-17
b1_t0.025_11_10,7.191852999178358e-17
v_t0.1_11_1,7.25896192365854e-17
h0_n_d_m_t0.75_11_10,7.288935444254965e-17
v_t0.05_11_7,1.0780276424707433e-16
e_t0.25_11_5,1.0829547304827501e-16
dot_9_10,1.292856054246257e-16
h1_t_b_11_7,1.373803408576635e-16
dot_11_8,2.138280861578096e-16
next_11_2,2.160582679555614e-16
v_t0.05_10_6,2.1797240811416742e-16
c_t0.1_10_6,2.2071658164814228e-16
v_t0.05_11_8,2.495536910649516e-16
b1_t0.025_11_1,2.599659067711846e-16
c_t0.05_11_11,2.664812602519983e-16
dot_10_1,2.7480762509972795e-16
h1_s_11_5,2.8032192183926064e-16
next_11_0,2.873546163742031e-16
c_t0.05_10_7,3.3064191617701586e-16
e_t0.25_11_0,3.4381130975832696e-16
k_t0.25_11_1,3.6271024105074733e-16
b1_t0.1_11_1,3.793522524728101e-16
e_t0.025_11_9,4.3515299971940285e-16
h1_s_11_2,4.366817022482115e-16
m_t0.05_11_1,4.40790557235716e-16
s_t0.025_10_8,4.662572068701674e-16
m_t0.1_11_2,5.146316609768946e-16
s_t0.025_10_2,5.163723946819875e-16
h1_s_11_1,8.729775860692554e-16
h1_v_11_11,1.0602602423556658e-15
v_t0.1_10_3,1.1734705208451966e-15
sep_9_6,1.2651997770398819e-15
dot_9_4,2.172513525828408e-15
m_t0.5_11_2,2.4805464553138486e-15
v_t0.025_10_6,2.6681202805205654e-15
h1_e_11_6,2.7778565650068114e-15
b1_t0.05_11_7,2.8807295556225432e-15
s_t0.05_10_6,3.3033512773924854e-15
c_t0.05_10_3,4.539182108206137e-15
sep_8_9,4.555250046069459e-15
b1_t0.05_11_2,4.758009412476464e-15
b1_t0.25_11_0,5.095167996717065e-15
h1_e_11_9,5.114775641550989e-15
k_t0.05_11_3,5.964301869220768e-15
h1_t_b_11_11,6.323907742273576e-15
c_t0.025_10_2,7.362659143236236e-15
c_t0.05_10_8,7.41389297960441e-15
h1_s_11_0,8.318303745965613e-15
self_10_11,8.756877572058688e-15
sep_11_8,8.793716887689456e-15
e_t0.05_11_5,1.0436542557799444e-14
b1_t0.025_11_7,1.281947557835533e-14
b0_t0.1_10_2,1.3042396180586464e-14
e_t0.5_10_3,1.4212042709490787e-14
b1_t0.25_11_5,1.9045297048696194e-14
sep_11_7,1.9824710451977507e-14
h1_t_b_11_2,2.134972134022444e-14
b1_t0.1_11_0,2.4382523148729787e-14
h1_t_b_11_3,2.5268595501880063e-14
h0_t_d_11_10,2.935305054245084e-14
h1_e_10_6,3.4208534326994406e-14
e_t0.25_10_6,3.614552152652922e-14
b1_t0.1_11_5,3.8014463395423305e-14
h1_s_10_6,4.165879361840241e-14
h1_n_b_l_t0.70_11_8,4.201055638502247e-14
e_t0.25_11_1,4.4722670076988795e-14
h1_n_b_m_t0.25_11_6,5.292732370500425e-14
h1_nb_11_6,5.292732370500425e-14
h1_n_b_l_t0.95_11_6,6.475354816490829e-14
m_t0.1_11_0,6.940715811356762e-14
self_11_8,7.454255274506953e-14
b0_t0.25_11_0,7.977633745858564e-14
b1_t0.25_11_6,8.316683988502804e-14
h0_n_d_m_t0.75_11_0,1.0232430103321376e-13
beginning_10_7,1.0706970851583774e-13
c_t0.25_11_10,1.1520179639099615e-13
b1_t0.025_11_2,1.238349877019451e-13
h1_v_11_2,1.2604691656143087e-13
m_t0.5_8_9,1.3300575069406419e-13
h1_n_b_l_t0.70_11_7,2.1183494398010623e-13
v_t0.5_10_3,2.382351612814134e-13
dot_10_5,2.5071280483135425e-13
b1_t0.1_11_6,2.7447102542042083e-13
m_t0.5_11_10,2.840381865889371e-13
v_t0.025_11_3,2.843309220202023e-13
b1_t0.025_10_3,3.184079771757046e-13
k_t0.05_10_10,3.232938469168214e-13
s_t0.025_10_3,3.2376437110666556e-13
h0_t_d_11_6,3.269886151666454e-13
m_t0.05_11_7,3.3576062005185453e-13
e_t0.25_11_11,3.616792697123644e-13
h1_v_10_6,4.0459862239525043e-13
m_t0.75_8_9,4.369622422326915e-13
s_t0.025_10_5,4.938093782976107e-13
e_t0.25_11_6,5.223981499765803e-13
b1_t0.05_11_0,6.654987156834454e-13
m_t0.025_10_3,6.872367035407504e-13
h1_s_11_10,8.747084991209631e-13
e_t0.1_11_7,9.942229012649472e-13
m_t0.05_11_2,1.4599690508073985e-12
k_t0.25_11_0,1.8182866253727892e-12
m_t0.25_11_11,1.8738087272724163e-12
e_t0.25_11_8,1.973922799431903e-12
c_t0.75_10_3,2.3835884440205923e-12
b1_t0.75_10_3,2.3835884440205923e-12
m_t0.1_11_7,2.4010988079967828e-12
e_t0.1_11_1,2.7056406436656715e-12
s_t0.025_11_2,2.728863507331763e-12
dot_9_6,2.785099690790219e-12
e_t0.05_11_1,3.3524080794186873e-12
c_t0.25_11_0,3.622297039147547e-12
beginning_9_11,3.880162448177105e-12
h1_n_b_l_t0.70_10_7,4.151310178597567e-12
s_t0.1_10_6,4.446447374628566e-12
h0_t_d_11_7,4.904241333633635e-12
e_t0.05_11_10,5.2119881576063074e-12
h1_t_b_11_9,5.699012051430594e-12
b1_t0.05_11_6,6.152308793590683e-12
c_t0.025_10_8,6.615709660907628e-12
c_t0.1_11_1,7.325737265714303e-12
h0_t_d_11_0,7.759537164170296e-12
h1_t_b_11_5,7.926913425093344e-12
b1_t0.1_11_10,7.986628160551275e-12
b1_t0.1_11_7,8.493346748787617e-12
b0_t0.1_10_11,8.556117521888489e-12
next_11_8,8.568673004729184e-12
b0_t0.5_11_7,9.183457692299879e-12
prev_11_8,9.625698617761426e-12
h1_t_b_10_10,1.0443193570595571e-11
k_t0.05_11_2,1.1177766150405052e-11
m_t0.025_11_7,1.1560058254891434e-11
s_t0.05_10_7,1.2120888270259637e-11
b1_t0.05_10_3,1.280441088819151e-11
e_t0.025_11_5,1.4555108642709315e-11
h0_n_d_m_t0.5_11_7,1.5317931939266526e-11
b1_t0.25_10_1,1.7326692203535645e-11
m_t0.5_11_3,1.8325829286901982e-11
c_t0.1_8_0,1.9980220484699407e-11
sep_9_4,2.079311698523381e-11
e_t0.025_10_3,2.4801169743848306e-11
e_t0.25_11_7,2.524185289147632e-11
sep_9_8,2.915530197812085e-11
h0_t_d_9_2,3.061335243883861e-11
c_t0.1_11_9,3.348299844438345e-11
b0_t0.25_11_8,3.36299393545179e-11
sep_10_1,3.364326204978684e-11
k_t0.1_10_6,3.392853445561312e-11
prev_11_6,3.434530367053837e-11
h0_n_d_m_t0.75_11_8,3.5218158618439684e-11
b1_t0.25_11_1,3.705405892393826e-11
b1_t0.25_10_8,4.054087637633632e-11
c_t0.5_10_7,4.5281577204919175e-11
b1_t0.5_10_7,4.5281577204919175e-11
h0_t_d_10_7,4.693217424259058e-11
b1_t0.25_11_10,4.993466298153453e-11
sep_9_3,5.658701365225403e-11
c_t0.5_11_10,5.7951999107282974e-11
b1_t0.5_11_10,5.7951999107282974e-11
h1_v_11_1,5.888312843462143e-11
k_t0.1_11_6,6.59840396681674e-11
b0_t0.5_11_10,6.612722624507106e-11
e_t0.25_11_10,6.853765552826017e-11
sep_10_10,7.733447844861875e-11
c_t0.05_10_5,8.265640856490354e-11
b1_t0.25_11_2,8.675413450172999e-11
h1_n_b_m_t0.25_11_9,8.69695668549104e-11
h1_n_b_l_t0.95_11_9,8.69695668549104e-11
h1_nb_11_9,8.69695668549104e-11
s_t0.025_10_11,9.48076598173131e-11
b0_t0.5_11_1,9.557239694936912e-11
b0_t0.25_10_2,9.866169260131873e-11
h0_n_d_m_t0.75_10_2,1.1041703077985368e-10
h0_n_d_m_t0.5_11_10,1.2270657268897403e-10
h1_s_8_9,1.2574150587314208e-10
dot_10_11,1.3521637469602607e-10
k_t0.1_11_2,1.407952551075072e-10
h1_s_9_11,1.6042910512163704e-10
v_t0.25_10_5,1.6328529209595172e-10
h0_n_d_m_t0.5_11_1,1.6586882730500622e-10
c_t0.05_10_9,1.675510608533516e-10
h1_t_b_10_7,1.6846843351334946e-10
e_t0.1_11_0,1.7296538092760842e-10
b1_t0.25_11_8,1.9454261601428414e-10
k_t0.05_11_9,2.0059441457553258e-10
c_t0.05_11_3,2.0735872280314297e-10
v_t0.1_11_0,2.2558080195176035e-10
h0_t_d_11_5,2.488119035063618e-10
v_t0.25_10_8,2.6200670524891815e-10
e_t0.025_11_1,2.686515560866187e-10
sep_8_0,2.6904532026049655e-10
k_t0.025_10_3,2.7328772444609127e-10
b0_t0.1_10_7,3.191683687656944e-10
v_t0.1_10_10,3.253871572254989e-10
b1_t0.5_10_2,3.3891379064217965e-10
h1_t_b_10_6,3.539336351846798e-10
h1_e_11_5,3.5608477154007415e-10
k_t0.1_11_11,3.636892938983274e-10
dot_9_8,3.707611371391787e-10
b0_t0.1_9_2,4.0134652777814026e-10
dot_9_5,4.0647118586289817e-10
b1_t0.05_11_3,4.0755841331559233e-10
s_t0.025_11_11,4.1428651357630296e-10
m_t0.25_10_3,4.288923560144858e-10
c_t0.025_10_4,4.342711468033095e-10
c_t0.5_10_2,4.361536652536168e-10
b1_t0.25_11_3,4.913402818749781e-10
c_t0.05_10_2,4.970492600941886e-10
b1_t0.75_10_2,5.194460251962212e-10
m_t0.025_11_10,5.326392478004745e-10
c_t0.75_10_2,6.373533609587326e-10
h1_t_b_11_8,7.162613630360786e-10
b0_t0.1_10_6,7.195375966500221e-10
b1_t0.25_11_7,7.449818470935064e-10
self_11_2,7.461529278847698e-10
beginning_9_7,7.608896799622938e-10
v_t0.1_11_6,7.706020105331516e-10
self_10_2,8.068239265514582e-10
b1_t0.1_10_10,8.189531072711848e-10
v_t0.5_10_7,1.0473362143868247e-09
c_t0.025_8_0,1.1530034969165154e-09
b0_t0.5_11_5,1.3992829593016423e-09
h1_s_11_7,1.4075838082581322e-09
b1_t0.05_11_11,1.4081570274419318e-09
h0_n_d_m_t0.5_11_5,1.540452124381803e-09
s_t0.025_11_9,1.7145903036774643e-09
h1_e_9_11,1.7958143809332021e-09
c_t0.025_10_5,1.8216956104612956e-09
sep_9_5,1.8409635105603375e-09
next_8_9,1.916944752635501e-09
e_t0.025_11_7,1.920663414098951e-09
v_t0.25_10_4,1.9805883511765502e-09
v_t0.025_10_2,2.037083426827723e-09
h0_t_d_11_8,2.104530158213806e-09
b1_t0.25_10_5,2.135080115072982e-09
h1_t_b_8_9,2.343622534737696e-09
b1_t0.5_10_11,2.5764096947665438e-09
c_t0.25_11_7,2.6323979681412445e-09
sep_7_3,2.693901145869515e-09
h1_t_b_11_10,2.6942431632177136e-09
h1_e_11_10,2.7521703655377277e-09
s_t0.025_10_4,2.881202949170005e-09
m_t0.05_11_0,2.9805263833366785e-09
sep_10_5,3.1156169576038746e-09
e_t0.025_11_10,3.1175069898900184e-09
h1_e_11_1,3.275086661937956e-09
h1_n_b_m_t0.25_8_9,3.3640961733825976e-09
h1_nb_8_9,3.3640961733825976e-09
sep_7_9,3.6362518902162966e-09
h1_n_b_m_t0.25_9_11,3.6386020561608843e-09
h1_nb_9_11,3.6386020561608843e-09
m_t0.1_11_8,4.126960946282446e-09
m_t0.25_11_3,4.1551592865775455e-09
c_t0.05_8_0,4.585376626966183e-09
b0_t0.05_10_11,4.937059339393853e-09
e_t0.5_10_7,5.297690613160109e-09
c_t0.25_9_11,5.368250835378675e-09
b0_t0.1_10_3,6.1312722406421086e-09
c_t0.1_10_9,6.13380522678044e-09
next_10_6,6.226034918219883e-09
m_t0.5_9_11,6.328092267948547e-09
c_t0.5_10_11,6.381511586874751e-09
m_t0.05_11_3,7.530064864539825e-09
v_t0.025_11_8,8.266206834055222e-09
m_t0.025_11_5,8.351597998847633e-09
m_t0.5_11_11,8.826533789944467e-09
sep_7_10,8.912523051116635e-09
s_t0.05_10_2,9.004526126937188e-09
v_t0.025_7_9,9.186461090941165e-09
v_t0.025_7_11,9.274102092608199e-09
c_t0.25_10_2,9.335148992202539e-09
next_9_11,9.77806480640183e-09
c_t0.1_10_2,1.0880608625538168e-08
s_t0.025_9_2,1.1127758369164424e-08
h1_s_11_8,1.1313835475974993e-08
c_t0.5_11_2,1.1658754440950608e-08
b1_t0.5_11_2,1.1658754440950608e-08
m_t0.1_11_11,1.2041785981704379e-08
e_t0.25_10_3,1.260577560752539e-08
c_t0.1_11_2,1.2684196094596859e-08
c_t0.1_10_8,1.3040935721686313e-08
v_t0.75_10_3,1.3207183668855976e-08
e_t0.05_11_7,1.3623111739627525e-08
v_t0.05_10_5,1.3759330371429076e-08
k_t0.1_10_10,1.4130011242846138e-08
v_t0.1_11_7,1.54348991543232e-08
e_t0.25_10_2,1.6694776047361903e-08
e_t0.5_11_0,1.7455887948871836e-08
e_t0.1_11_5,1.8211591692067935e-08
b1_t0.025_11_3,1.864772289206196e-08
h1_n_b_l_t0.95_8_9,1.9181877012006196e-08
e_t0.25_10_8,2.0703809784498996e-08
s_t0.05_10_9,2.1208986546096458e-08
v_t0.05_10_10,2.1644859766476912e-08
h1_t_b_11_1,2.215116748333517e-08
e_t0.75_10_3,2.346997326953477e-08
e_t0.1_11_6,2.5571638748456748e-08
c_t0.75_10_7,2.6816019119644896e-08
b1_t0.75_10_7,2.6816019119644896e-08
k_t0.1_11_9,2.706832155915001e-08
e_t0.25_10_5,2.974026969691547e-08
e_t0.05_11_2,2.981421067714555e-08
e_t0.5_10_11,3.1470767515010735e-08
h1_s_11_3,3.2296420058163676e-08
s_t0.1_9_11,4.1495167802500904e-08
v_t0.75_10_2,4.165118464601098e-08
h1_n_b_l_t0.95_9_11,4.217749561151969e-08
next_10_3,4.4325275522442987e-08
v_t0.5_11_0,4.50783970937522e-08
k_t0.1_8_9,4.612461848520369e-08
s_t0.025_10_0,4.8685208458461634e-08
beginning_10_2,4.9892186408765766e-08
c_t0.025_9_2,5.046401090153231e-08
dot_9_3,5.598820580811418e-08
sep_7_1,5.763579853530245e-08
sep_8_6,6.019171571286954e-08
m_t0.5_10_0,6.159958516049497e-08
h1_n_b_m_t0.25_7_0,6.462949445682918e-08
h1_nb_7_0,6.462949445682918e-08
h1_n_b_l_t0.95_10_7,6.559700391136171e-08
c_t0.5_11_9,7.367682231739945e-08
b1_t0.5_11_9,7.367682231739945e-08
s_t0.05_10_8,7.89520358945523e-08
h1_v_7_0,7.959518584499411e-08
k_t0.25_11_7,8.60622974825467e-08
prev_7_10,8.696880582501804e-08
v_t0.05_11_3,8.792805566148372e-08
e_t0.05_10_3,9.124509512819664e-08
h1_n_b_m_t0.25_11_1,9.925160959982048e-08
h1_nb_11_1,9.925160959982048e-08
m_t0.25_11_10,1.0557945261596672e-07
next_11_11,1.0727168140189738e-07
h1_v_9_11,1.0944736222322439e-07
prev_9_1,1.1185108418429923e-07
h1_n_b_l_t0.95_11_1,1.2186208246388447e-07
h1_s_10_7,1.2220609726977852e-07
dot_11_4,1.331814199977992e-07
v_t0.75_10_7,1.37611060608811e-07
s_t0.025_8_0,1.4029351068563312e-07
m_t0.75_8_0,1.4342070785456897e-07
sep_10_11,1.461438556527021e-07
m_t0.5_10_11,1.5067140168911259e-07
e_t0.05_11_0,1.566419486756159e-07
h0_n_d_m_t0.75_11_2,1.5778417561730732e-07
v_t0.025_10_5,1.6643177026975228e-07
b0_t0.25_11_2,1.6793893004383582e-07
m_t0.25_10_10,1.7923026690416435e-07
h1_s_7_0,1.8740219327718395e-07
v_t0.05_7_11,1.8989213918547676e-07
h1_e_11_2,1.9389209171524112e-07
c_t0.1_9_7,2.1107580303170222e-07
beginning_10_3,2.1805499724234422e-07
s_t0.05_10_5,2.2770782908764878e-07
e_t0.75_10_2,2.511612949573839e-07
m_t0.5_7_10,2.559894074326515e-07
h1_n_b_l_t0.95_7_0,2.703594289371637e-07
self_10_8,2.704578291405775e-07
m_t0.5_11_0,2.7505636936785475e-07
h1_n_b_m_t0.25_11_5,2.8863146186729876e-07
h1_nb_11_5,2.8863146186729876e-07
h1_n_b_l_t0.95_11_5,2.8958566092625686e-07
h1_s_10_0,3.0860469669290115e-07
e_t0.1_11_10,3.3896437676154356e-07
e_t0.75_10_7,3.393012650280785e-07
b0_t0.025_10_11,3.406845377640056e-07
m_t0.025_11_1,3.5034505908774137e-07
v_t0.1_9_10,3.5271365758326945e-07
sep_7_4,3.8102940343893207e-07
h1_s_9_0,4.077796942224463e-07
k_t0.1_7_0,4.191208732544085e-07
c_t0.1_9_5,4.2419507768616544e-07
h1_n_b_l_t0.95_11_2,4.3746407316489233e-07
c_t0.5_10_6,4.4214956703922783e-07
v_t0.05_10_11,4.4828839671995006e-07
next_11_3,4.4882328020978296e-07
v_t0.5_10_6,4.967399232307251e-07
h0_t_d_10_8,5.120099021807789e-07
m_t0.5_9_10,5.130357646797872e-07
v_t0.5_10_10,5.458740114171403e-07
e_t0.25_10_1,6.001353761591184e-07
h1_v_11_9,6.27189577590723e-07
b1_t0.05_11_8,6.333499272559844e-07
h1_n_b_m_t0.25_11_10,6.68348901742549e-07
h1_n_b_l_t0.95_11_10,6.68348901742549e-07
h1_nb_11_10,6.68348901742549e-07
self_8_0,8.184300532031648e-07
v_t0.75_10_6,8.220235600557856e-07
h0_n_d_l_t0.25_9_10,8.485473754656839e-07
b0_t0.5_11_9,8.631509635871216e-07
c_t0.05_9_7,8.636303494695345e-07
c_t0.5_11_1,8.753879261257225e-07
b1_t0.5_11_1,8.753879261257225e-07
b1_t0.5_10_6,9.014786626256953e-07
e_t0.05_11_6,9.262764744972406e-07
v_t0.025_11_11,9.638149382865775e-07
e_t0.5_10_10,1.01095557514117e-06
m_t0.75_7_0,1.0408772866212079e-06
c_t0.25_8_0,1.096361434620993e-06
m_t0.75_9_10,1.1002451154226886e-06
c_t0.25_11_5,1.1502844523393152e-06
v_t0.025_10_4,1.257458908463876e-06
h1_v_10_0,1.2576400868400112e-06
m_t0.1_11_6,1.292482216184744e-06
prev_8_7,1.29509385191063e-06
v_t0.1_9_0,1.3394920051446099e-06
h1_s_6_10,1.3709956528466223e-06
c_t0.05_9_5,1.4052365155152435e-06
h1_v_9_0,1.4091861176407621e-06
s_t0.05_11_11,1.4194271281155044e-06
h0_n_d_m_t0.5_11_9,1.44903519733094e-06
c_t0.1_8_9,1.4568852092926704e-06
v_t0.5_10_11,1.4598976713526765e-06
b1_t0.25_10_4,1.4751844170492363e-06
prev_10_6,1.4958952205757535e-06
sep_8_1,1.5160664530167072e-06
h1_v_11_5,1.5199068963844323e-06
h0_s_11_9,1.5566102411045408e-06
c_t0.5_9_7,1.5775922987075024e-06
c_t0.05_8_7,1.649643072376152e-06
b1_t0.025_11_0,1.6587542848650954e-06
sep_7_2,1.816457213726776e-06
h1_n_b_m_t0.25_6_10,1.8605353062720007e-06
h1_nb_6_10,1.8605353062720007e-06
k_t0.05_7_4,1.885119354726808e-06
c_t0.05_10_1,1.9213740582234016e-06
v_t0.1_10_5,2.2018828216419983e-06
c_t0.05_10_11,2.3701436108188873e-06
e_t0.75_9_10,2.3776645100763968e-06
k_t0.05_11_11,2.528028709231597e-06
s_t0.05_9_2,2.6492862374689853e-06
b0_t0.1_11_2,3.2269056585242257e-06
s_t0.025_9_9,3.3119623656207692e-06
self_6_4,3.3683806140127013e-06
e_t0.5_10_0,3.4024957215666266e-06
h0_t_d_10_11,3.560477337730965e-06
k_t0.05_11_10,3.6457925307038227e-06
v_t0.25_10_7,3.7124200636654006e-06
h1_t_b_6_10,3.854409184237254e-06
k_t0.1_7_4,3.972090384150361e-06
e_t0.025_11_0,4.042104430268824e-06
v_t0.75_9_10,4.169009079061897e-06
sep_9_1,4.2653674411862395e-06
dot_9_1,4.4662426403089165e-06
b1_t0.1_11_8,4.58235579270646e-06
c_t0.05_7_4,4.8229044522198445e-06
v_t0.75_9_11,4.872595990563134e-06
h1_n_b_l_t0.95_6_10,4.928565417280919e-06
h1_n_b_m_t0.25_11_2,5.085383950827977e-06
h1_nb_11_2,5.085383950827977e-06
h1_n_b_m_t0.25_10_10,5.121411680632399e-06
h1_n_b_l_t0.95_10_10,5.121411680632399e-06
h1_nb_10_10,5.121411680632399e-06
c_t0.025_10_11,5.216684168091132e-06
c_t0.1_11_10,5.217072513786263e-06
s_t0.05_6_11,5.326866961729496e-06
v_t0.1_10_7,5.338990176602536e-06
c_t0.5_9_10,5.583690618657591e-06
self_10_7,5.666105272024892e-06
h1_e_10_7,5.969798301216352e-06
next_10_2,6.022845938063967e-06
c_t0.1_8_7,6.096568870506287e-06
m_t0.25_10_6,6.391093533353345e-06
c_t0.1_7_4,6.3945225981211295e-06
c_t0.05_9_9,6.539603132661141e-06
c_t0.1_7_1,6.8127939446666914e-06
b1_t0.05_10_10,6.817608327443363e-06
s_t0.025_9_10,7.382523322897921e-06
b1_t0.5_9_7,7.447710754971752e-06
h1_v_11_10,8.036839560264468e-06
e_t0.1_11_8,8.34473002805395e-06
s_t0.025_8_8,8.879441191584479e-06
b0_t0.25_11_3,8.94937355842934e-06
b1_t0.25_9_4,9.05704955235762e-06
h0_n_d_m_t0.75_11_3,9.174566924382221e-06
b1_t0.5_10_0,9.345510290535997e-06
h1_e_7_0,9.407774313284958e-06
b1_t0.025_11_11,9.93110576336881e-06
e_t0.05_11_8,1.0108579403890508e-05
m_t0.75_7_4,1.0274765099492491e-05
prev_10_0,1.0324522023599737e-05
s_t0.05_10_0,1.0775367981674196e-05
self_9_3,1.1126960906030887e-05
b0_t0.5_10_10,1.1455673335298521e-05
e_t0.1_10_10,1.1484374829864513e-05
c_t0.05_9_0,1.1497767618558808e-05
b1_t0.5_9_10,1.1601910313713535e-05
h0_n_d_m_t0.5_10_10,1.1807357802633182e-05
s_t0.05_9_0,1.1822792198874662e-05
m_t0.75_7_1,1.251587480212839e-05
b0_t0.05_10_7,1.2691577280654661e-05
h1_v_8_9,1.3026393535224451e-05
dot_8_10,1.3081606371554888e-05
e_t0.5_9_6,1.3211066425759839e-05
e_t0.75_9_11,1.3253173266000653e-05
h1_n_b_m_t0.25_10_7,1.3257239548443128e-05
h1_nb_10_7,1.3257239548443128e-05
c_t0.05_10_10,1.329732596058234e-05
e_t0.5_10_6,1.4529669099695731e-05
s_t0.025_9_8,1.4773850180259659e-05
b1_t0.25_11_11,1.5663891185160003e-05
c_t0.025_10_6,1.5754757491418673e-05
dot_9_2,1.617911307209318e-05
s_t0.025_10_6,1.620076585041563e-05
h1_n_b_l_t0.70_6_10,1.6464360670552543e-05
c_t0.025_7_11,1.6887701031735736e-05
sep_7_0,1.704499144239744e-05
v_t0.05_10_7,1.797148857261896e-05
e_t0.5_11_6,1.8320636837748823e-05
b1_t0.025_7_9,1.9895161133048638e-05
v_t0.025_10_7,2.002347561605348e-05
c_t0.5_10_0,2.1320464003158906e-05
h1_n_b_m_t0.25_9_0,2.203099824120995e-05
h1_nb_9_0,2.203099824120995e-05
h0_s_10_3,2.217088526459077e-05
k_t0.025_10_5,2.2379252685048887e-05
h1_t_b_8_0,2.2472787128945778e-05
h1_n_b_l_t0.95_9_0,2.2613651363852177e-05
e_t0.75_7_10,2.4254361994944273e-05
h0_n_d_l_t0.25_7_10,2.4254361994944273e-05
c_t0.1_11_5,2.464531250502547e-05
next_10_10,2.5298113031237857e-05
m_t0.25_11_4,2.6656049558950727e-05
k_t0.05_11_5,2.668462394682518e-05
v_t0.1_11_8,2.674436497812605e-05
v_t0.1_5_3,2.7181015337200012e-05
h0_t_d_11_2,2.721007949246343e-05
h1_e_10_10,2.7223955323853638e-05
k_t0.25_11_3,2.733370009984401e-05
e_t0.75_10_6,2.7541240705112468e-05
b0_t0.025_9_2,2.7778957055961036e-05
prev_10_10,2.797390797667739e-05
k_t0.05_7_1,2.8069784692799384e-05
s_t0.025_8_1,2.8690060568074273e-05
e_t0.25_10_0,2.8842961090871224e-05
dot_9_9,2.993835234932869e-05
b1_t0.025_11_6,3.1331805272480976e-05
m_t0.05_11_11,3.152026003896453e-05
dot_8_1,3.2331505482607864e-05
c_t0.1_7_10,3.239430712235191e-05
k_t0.25_11_8,3.272628055180519e-05
k_t0.05_11_7,3.3414693144801907e-05
v_t0.25_9_4,3.346701700672593e-05
k_t0.025_11_8,3.531422221925195e-05
c_t0.1_11_0,3.537533250772273e-05
c_t0.25_10_7,3.5467662614406884e-05
v_t0.05_9_10,3.574918807799598e-05
dot_7_3,3.679952068628389e-05
m_t0.75_9_11,3.7545973555293945e-05
next_7_3,3.990863217555762e-05
b1_t0.25_10_2,4.0991192813123e-05
h1_e_11_0,4.116550225494086e-05
beginning_8_9,4.240621648045435e-05
m_t0.5_9_0,4.268097757836423e-05
c_t0.05_9_2,4.3044166119126216e-05
h1_e_11_7,4.304606986958987e-05
e_t0.5_10_5,4.323359266390159e-05
e_t0.5_9_11,4.3741335103861056e-05
b1_t0.1_10_3,4.382732051496481e-05
c_t0.05_10_0,4.4182963069318126e-05
next_6_10,4.6706328855186826e-05
sep_7_5,4.724219575187412e-05
e_t0.25_10_4,4.738595832206219e-05
v_t0.05_10_1,4.791029981565221e-05
v_t0.5_10_0,4.874651312920979e-05
h1_e_8_9,5.08344940361906e-05
c_t0.25_8_9,5.275792890225342e-05
c_t0.025_8_1,5.548576323706662e-05
h0_n_d_l_t0.25_9_11,5.5649662155073524e-05
v_t0.5_11_6,5.5925253724067835e-05
v_t0.025_9_4,5.69169248341645e-05
h1_v_11_3,5.780618087350674e-05
beginning_10_5,6.0332365540705436e-05
c_t0.05_9_4,6.119389276327522e-05
s_t0.05_9_8,6.123874651175203e-05
k_t0.1_11_7,6.33333550833058e-05
prev_7_0,6.468094703428008e-05
dot_8_4,7.027685295238251e-05
s_t0.025_9_3,7.188643941931145e-05
k_t0.1_10_2,7.347954922382167e-05
c_t0.05_8_9,7.411096727773654e-05
self_7_7,7.690363099893356e-05
m_t0.5_4_8,8.116921985079532e-05
self_8_7,8.225579422071691e-05
s_t0.05_10_4,8.241263466501302e-05
v_t0.5_9_11,8.40315718020297e-05
k_t0.05_9_11,8.434285725690667e-05
s_t0.05_9_9,8.729597034020437e-05
c_t0.05_6_4,8.900038884869494e-05
s_t0.025_5_2,8.906201902646149e-05
s_t0.025_7_4,9.152952361223479e-05
c_t0.025_10_10,9.188061072520261e-05
h1_e_9_0,9.190963575233597e-05
prev_9_11,9.216714652389184e-05
c_t0.025_6_4,9.583807566060674e-05
s_t0.05_8_0,9.617329191799951e-05
m_t0.5_10_6,9.842627225907708e-05
c_t0.25_10_11,9.994558668540769e-05
s_t0.05_9_3,0.00010249002390042233
c_t0.025_11_11,0.00010331401039227448
m_t0.75_10_6,0.00010574080589366025
c_t0.025_9_9,0.00010647773122812886
self_9_11,0.0001065748001560853
v_t0.025_5_9,0.00010665355096720756
c_t0.05_10_4,0.00010702718236864738
v_t0.75_9_7,0.00010720588523917405
next_7_7,0.00010859189282238013
prev_11_3,0.00011198175355321628
sep_5_5,0.0001122719252953378
c_t0.25_7_10,0.00011674252395076335
s_t0.05_10_11,0.0001169332366134652
b1_t0.25_10_7,0.00012010337258220017
b0_t0.05_9_2,0.00012260862375374688
b1_t0.25_10_3,0.00012301455286445537
dot_8_0,0.00012692170152892585
e_t0.05_10_10,0.00012755724645567419
h1_n_b_l_t0.95_11_11,0.00012928840832175545
k_t0.05_10_6,0.00013149689920184833
k_t0.25_10_10,0.0001322225377360665
e_t0.75_9_7,0.0001380642430073715
v_t0.05_6_10,0.00014070588750340988
v_t0.1_7_11,0.00015555272143406807
sep_11_4,0.0001576279616758697
v_t0.05_10_4,0.0001623346454722466
h1_n_b_l_t0.70_5_10,0.0001658787938607507
e_t0.25_11_4,0.00016835711720792314
h0_n_d_l_t0.25_10_6,0.00016969072974523257
v_t0.1_5_10,0.00017453686908886127
c_t0.1_9_4,0.00017774786552708362
c_t0.05_6_5,0.00017919133578472488
v_t0.05_9_4,0.00018484068656822905
s_t0.05_10_3,0.00019775668739045185
m_t0.05_7_9,0.00019861904356339083
s_t0.05_10_1,0.00020044813070079422
v_t0.75_10_11,0.00020139149545785214
v_t0.1_9_7,0.00020478200804966158
c_t0.25_7_4,0.00020850915126109288
c_t0.05_9_11,0.0002114154164226551
e_t0.75_10_11,0.00021213674821820541
self_10_0,0.00022122055866585373
s_t0.05_11_9,0.00022145754229231334
h1_e_10_0,0.00022930455123325546
m_t0.5_10_3,0.0002300743834290573
c_t0.05_7_3,0.00023830817852876364
m_t0.5_8_0,0.00024091495141751707
v_t0.75_11_3,0.0002423522242854412
v_t0.1_9_1,0.0002452682671557965
v_t0.025_10_0,0.0002475253566542381
h0_s_11_5,0.000249497794431475
e_t0.025_11_2,0.00025758249183977926
k_t0.1_11_0,0.00026363005611203114
v_t0.05_9_1,0.00026895894201072715
v_t0.75_9_1,0.0002723098019265527
beginning_9_0,0.0002737987793461403
v_t0.025_10_11,0.00027520838257609037
sep_7_11,0.00027710471784428106
h1_s_10_11,0.0002853951463419456
v_t0.05_10_8,0.0002874986190032234
s_t0.05_9_4,0.0002885732418693786
k_t0.25_10_6,0.00029096068252619853
v_t0.25_10_1,0.00029382967385260084
e_t0.5_6_11,0.00029420389882871994
sep_8_4,0.00029993883006444413
v_t0.05_10_0,0.0003009784924737515
v_t0.025_9_2,0.00030866633395522635
next_8_6,0.0003117832378241305
m_t0.5_6_10,0.0003121872290843128
self_7_11,0.00031764507072918247
beginning_10_0,0.00033155636050478075
c_t0.025_7_4,0.0003400773359375561
s_t0.05_9_11,0.0003441201893811999
self_8_5,0.0003501620888046859
c_t0.5_11_6,0.0003537049315680735
b1_t0.5_11_6,0.0003537049315680735
h0_s_11_1,0.0003539145191004225
v_t0.05_7_2,0.0003557946478931236
sep_8_3,0.0003662567098466456
prev_8_10,0.0003696137726638207
m_t0.75_6_10,0.00037500017969487466
e_t0.5_9_9,0.00037764581069454987
c_t0.25_7_1,0.00038566954046722544
self_11_3,0.00038577227928908084
prev_11_11,0.00038593013587210403
e_t0.025_11_6,0.0003934611442554256
c_t0.1_10_10,0.0003954787179159906
m_t0.025_11_2,0.00040418585798416076
h0_n_d_l_t0.25_9_7,0.0004047157964373163
h0_t_d_8_7,0.0004052845234251752
c_t0.1_10_5,0.0004194766769560112
k_t0.25_11_10,0.000420220476596299
m_t0.25_8_9,0.0004263714881348293
self_7_9,0.0004297412381817018
c_t0.25_4_8,0.0004423690777260423
b1_t0.1_9_10,0.0004486963320729302
b0_t0.1_11_5,0.0004631048430990143
e_t0.25_10_7,0.00046709077025006157
m_t0.5_10_10,0.0004730377311522949
m_t0.5_7_1,0.0004732678039359844
v_t0.75_5_10,0.0005089371342039175
h1_n_b_m_t0.25_8_0,0.0005118884714462887
h1_nb_8_0,0.0005118884714462887
c_t0.1_9_8,0.0005253908036576174
c_t0.1_6_4,0.000527808490413877
s_t0.025_10_9,0.0005292190764206235
c_t0.1_11_6,0.000534882362630681
h1_n_b_l_t0.70_10_10,0.0005381948046647343
h1_n_b_m_t0.25_11_11,0.0005421805561696258
h1_nb_11_11,0.0005421805561696258
s_t0.025_8_10,0.0005533614842058412
v_t0.025_5_8,0.0005662704722290392
v_t0.025_10_8,0.0005673347093127145
k_t0.05_11_0,0.000579362059770417
c_t0.25_9_0,0.000582171506723688
v_t0.025_6_4,0.0006033252559963801
h0_t_d_9_11,0.0006112399607288436
h1_s_8_0,0.0006118788206064789
prev_9_3,0.00061231994917862
b1_t0.025_10_10,0.00061594043171946
m_t0.1_7_9,0.0006220165905391848
m_t0.025_7_9,0.0006245346980921623
s_t0.1_10_9,0.0006329244993083089
e_t0.75_10_8,0.0006403140512612322
c_t0.5_7_1,0.0006450728575212307
b1_t0.5_7_1,0.0006450728575212307
c_t0.5_9_0,0.0006526324511568533
b1_t0.5_9_0,0.0006526324511568533
next_7_0,0.0006605449282053614
c_t0.75_11_2,0.000662567514782453
b1_t0.75_11_2,0.000662567514782453
k_t0.05_6_10,0.0006669187811321872
h1_n_b_m_t0.25_10_8,0.0006801810311025807
h1_nb_10_8,0.0006801810311025807
next_7_10,0.0006834073342906076
prev_7_1,0.0006855594446430114
h1_n_b_l_t0.95_10_8,0.0006922554842866154
k_t0.05_8_0,0.0006954783580059541
c_t0.025_5_9,0.0006984949419629038
h1_n_b_m_t0.25_10_0,0.0007106274334291785
h1_nb_10_0,0.0007106274334291785
e_t0.75_8_9,0.0007225759649679846
h0_n_d_l_t0.25_8_9,0.0007225759649679846
prev_9_6,0.0007419848304571068
e_t0.75_7_2,0.0007461409593102536
m_t0.5_11_6,0.0007512845731207913
v_t0.1_8_9,0.0007525599949961418
e_t0.5_9_4,0.0007579904870427764
b0_t0.1_11_1,0.0007588982678540724
b0_t0.1_11_9,0.0007588982678540724
h1_n_b_l_t0.95_10_0,0.0007657067913970388
self_7_3,0.0007657701263254299
h0_n_d_l_t0.25_7_2,0.0007665287580920429
s_t0.025_9_5,0.0007689944773331045
v_t0.025_10_1,0.0007703726418937145
h1_e_10_8,0.000785751312418099
c_t0.5_8_9,0.0007881279915538632
b1_t0.5_8_9,0.0007881279915538632
c_t0.025_9_5,0.000817222897709172
s_t0.05_9_5,0.0008176520667233329
b0_t0.25_8_2,0.0008205942545066434
v_t0.25_11_4,0.0008330419603888503
h1_s_10_1,0.0008359683420487052
v_t0.05_10_2,0.0008490886289406784
h1_t_b_9_1,0.0008572594032901981
h1_t_b_7_4,0.0008631555278426664
c_t0.25_11_2,0.000870741458677894
h0_n_d_m_t0.75_8_2,0.0008959563117060286
b1_t0.1_9_0,0.0009027830074840423
prev_1_0,0.0009074789808859772
h0_t_d_9_8,0.0009084024890434083
dot_8_6,0.0009138720347480058
k_t0.025_11_7,0.0009143699296802537
k_t0.1_10_0,0.0009143699296802537
v_t0.75_10_8,0.0009415994742519472
b1_t0.05_7_11,0.0009530764333501446
sep_8_10,0.0009558497013652651
next_7_1,0.0009706944988018338
v_t0.1_6_10,0.0009725000391538463
k_t0.1_11_4,0.0009813854050466457
m_t0.75_9_7,0.0010195759060430349
h0_n_d_m_t0.75_11_11,0.0010536563758990261
m_t0.75_10_8,0.0010635157442228605
c_t0.5_11_3,0.001078186325532538
b1_t0.5_11_3,0.001078186325532538
