feature,p_value
v_t0.025_10_10,1.249207190535484e-37
v_t0.05_10_10,3.819201870060836e-36
h0_t_d_10_10,2.600335253664129e-34
v_t0.25_10_10,1.8300475041821148e-31
v_t0.025_10_11,8.379129678259934e-29
v_t0.5_10_10,1.129811908531647e-28
b0_t0.75_8_0,2.5722405670184696e-26
prev_10_10,3.606428313704655e-26
v_t0.1_10_10,3.3981923168257897e-25
v_t0.025_10_4,2.5631715879763093e-23
b0_t0.5_10_10,5.609473370412372e-23
h1_s_8_9,1.3399193789728975e-22
h0_n_d_m_t0.5_10_10,1.3869091345770277e-22
v_t0.05_10_11,3.311246118585714e-22
v_t0.1_10_0,6.146283478225049e-22
next_10_11,1.1818850650265257e-21
v_t0.05_8_2,1.3924754329063626e-21
v_t0.1_8_10,1.5009302557074522e-21
h0_t_d_10_8,3.9517776146493875e-21
v_t0.1_8_2,4.752264597836319e-21
h0_t_d_9_8,1.170613706756536e-20
c_t0.025_10_10,4.2108142189492796e-20
c_t0.025_10_11,9.9794528491955e-20
v_t0.5_11_0,6.684718851637203e-19
v_t0.5_10_11,7.198790318502477e-19
v_t0.05_10_0,7.900844206627285e-19
v_t0.5_8_2,9.999295288541958e-19
prev_8_0,1.1069216140328413e-18
c_t0.05_10_10,1.6196545226905638e-18
v_t0.025_9_8,2.262975941443623e-18
h1_s_6_4,4.745572707309254e-18
next_11_0,6.894548707522777e-18
v_t0.75_8_2,9.333468950205648e-18
c_t0.25_9_8,2.028240477573976e-17
h1_s_9_2,2.865920219648199e-17
v_t0.025_8_2,2.963888528141014e-17
h1_nb_8_9,3.1537437389391645e-17
h1_n_b_m_t0.25_8_9,3.1537437389391645e-17
next_10_0,3.532272140584015e-17
h0_t_d_10_11,4.12000214958337e-17
v_t0.05_9_9,6.195222738772338e-17
v_t0.05_9_8,9.613465660073356e-17
v_t0.1_9_11,9.914254136410335e-17
v_t0.05_9_7,1.241511320704625e-16
h1_n_b_l_t0.95_8_9,1.3363317955863687e-16
v_t0.05_10_4,4.135387601130434e-16
v_t0.5_9_8,1.1096459374078722e-15
h1_nb_9_2,2.731098478311609e-15
h1_n_b_m_t0.25_9_2,2.731098478311609e-15
b0_t0.5_10_11,3.862505948562981e-15
v_t0.1_8_1,4.972334845801187e-15
h0_n_d_m_t0.5_10_11,6.408880921857998e-15
v_t0.025_9_9,6.540010258094439e-15
v_t0.1_9_8,6.757054504213205e-15
c_t0.025_8_0,6.763130210857204e-15
v_t0.1_9_7,8.061473545679383e-15
h1_s_9_7,9.244291905496422e-15
h1_n_b_l_t0.95_9_7,1.1785059922261689e-14
h1_n_b_m_t0.25_9_7,1.4071593151969567e-14
h1_nb_9_7,1.4071593151969567e-14
v_t0.025_11_4,1.547201369697567e-14
h1_t_b_9_2,1.7081123113817837e-14
v_t0.25_7_7,2.6536399504430714e-14
v_t0.5_10_8,3.163997478476543e-14
h1_n_b_l_t0.95_9_2,3.2742741356678416e-14
v_t0.05_7_11,3.8635545030290934e-14
h1_t_b_8_9,4.34703600948216e-14
h1_v_6_1,4.6997464438030874e-14
h1_t_b_9_7,4.7231110912594016e-14
v_t0.05_9_3,5.4933728827837434e-14
self_10_8,6.133587715861935e-14
c_t0.1_10_8,6.228046251674083e-14
b1_t0.1_8_0,6.233790941341103e-14
v_t0.05_10_8,6.429292908258488e-14
b1_t0.25_8_10,7.827206225381777e-14
v_t0.75_8_0,1.0208711990670801e-13
c_t0.05_9_11,1.1494499796914017e-13
prev_11_0,1.3667846959817886e-13
h1_s_7_7,1.6261341126752772e-13
v_t0.75_10_4,2.1239879538472406e-13
self_10_10,2.220037975324647e-13
v_t0.25_10_7,2.7377551587304963e-13
v_t0.05_9_11,4.805459781701387e-13
v_t0.025_10_0,5.285086949755146e-13
h1_v_11_0,6.319762483772619e-13
v_t0.25_8_9,6.665304377378722e-13
h1_n_b_l_t0.70_6_4,6.938050858317009e-13
h0_t_d_10_7,9.312075807800736e-13
c_t0.1_8_11,9.498234526301305e-13
e_t0.75_10_4,1.1592474991249696e-12
v_t0.05_11_4,1.3331191429849712e-12
h0_n_d_l_t0.25_10_4,1.4177346636675777e-12
b1_t0.25_8_0,1.5297914375214692e-12
v_t0.25_10_11,1.7659297779053493e-12
v_t0.1_8_7,2.0493447307637522e-12
c_t0.1_9_8,2.099964327401737e-12
v_t0.025_7_11,2.102803112269081e-12
v_t0.05_8_7,2.1943351790865042e-12
c_t0.25_10_8,2.302891478373632e-12
v_t0.05_8_11,3.0042761355280208e-12
h1_nb_7_7,3.2404863947325365e-12
h1_n_b_m_t0.25_7_7,3.2404863947325365e-12
h1_n_b_l_t0.95_7_7,3.2404863947325365e-12
b1_t0.05_8_0,3.609189062549273e-12
h0_n_d_m_t0.75_10_7,4.13528126659465e-12
v_t0.05_10_2,4.515783178698046e-12
b0_t0.25_10_7,4.871132043977428e-12
v_t0.025_10_8,5.054943050993028e-12
c_t0.05_8_11,5.705613256504217e-12
h1_t_b_10_9,5.866025490146058e-12
v_t0.1_10_11,5.911455516104326e-12
h1_s_10_9,6.498466344908201e-12
h1_n_b_l_t0.95_6_4,8.055065688844834e-12
h1_nb_6_4,8.225925674702544e-12
h1_n_b_m_t0.25_6_4,8.225925674702544e-12
v_t0.1_10_8,8.352810565631367e-12
v_t0.25_8_10,8.451394957310659e-12
v_t0.05_8_10,8.812100289135762e-12
h0_t_d_11_0,8.882558145233909e-12
v_t0.5_8_10,9.418474546077414e-12
v_t0.5_9_7,9.881876355278314e-12
h1_n_b_m_t0.25_10_9,1.4065932019892208e-11
h1_nb_10_9,1.4065932019892208e-11
h1_n_b_l_t0.95_10_9,1.4223879009883872e-11
c_t0.1_9_11,1.4416464206248642e-11
h1_t_b_7_1,3.094224704917325e-11
h0_n_d_m_t0.75_11_0,3.8671654480392966e-11
v_t0.25_7_10,3.912634059210707e-11
b0_t0.25_10_8,4.224446395197586e-11
v_t0.025_10_7,4.347023035372008e-11
b0_t0.25_11_0,5.602096351530036e-11
v_t0.05_9_6,5.608439077323005e-11
h0_t_d_7_11,5.6314411129148805e-11
prev_10_0,6.086473341244532e-11
v_t0.75_7_11,6.369567369990609e-11
h0_n_d_m_t0.5_9_8,6.773800027897019e-11
h1_n_b_l_t0.95_10_10,6.887681521449931e-11
b0_t0.5_9_8,7.342683363643828e-11
h1_v_7_7,7.498901529278077e-11
h1_s_10_10,7.752405846073424e-11
h1_nb_10_10,7.960978136188011e-11
h1_n_b_m_t0.25_10_10,7.960978136188011e-11
v_t0.25_6_4,7.986204150976461e-11
h1_s_7_1,8.721263143451205e-11
h0_n_d_m_t0.75_10_8,9.037282267500821e-11
c_t0.05_8_2,9.437322433369463e-11
h1_nb_7_1,9.881429066167188e-11
h1_n_b_m_t0.25_7_1,9.881429066167188e-11
h0_s_8_0,1.055376693423501e-10
v_t0.5_10_3,1.1568035554425575e-10
h1_n_b_l_t0.95_7_1,1.1600898056525018e-10
v_t0.5_9_3,1.3099314758166562e-10
c_t0.025_8_2,1.3582926007679286e-10
h1_t_b_10_10,1.369130940644141e-10
h1_s_8_10,1.6219857288665688e-10
v_t0.25_10_4,1.6241112713451104e-10
c_t0.05_10_11,2.184672367043832e-10
h1_nb_8_10,2.2568205800777503e-10
h1_n_b_m_t0.25_8_10,2.2568205800777503e-10
h1_n_b_l_t0.95_8_10,2.2568205800777503e-10
b1_t0.025_8_0,2.473661804209477e-10
v_t0.5_10_7,2.676873245609326e-10
b0_t0.5_10_8,3.0436443045053985e-10
c_t0.025_10_7,3.556023463711208e-10
h0_n_d_m_t0.5_10_8,3.7434951751890245e-10
b0_t0.25_9_8,3.799037742101056e-10
c_t0.1_10_0,4.026819178627241e-10
v_t0.025_9_4,4.413838538755616e-10
c_t0.025_9_11,4.445464120231479e-10
v_t0.5_9_9,4.846544691996728e-10
h1_s_6_1,5.062273087446809e-10
v_t0.025_8_7,5.184296017400044e-10
prev_9_8,5.69315306562924e-10
h0_n_d_m_t0.75_9_8,5.720854850628867e-10
v_t0.1_10_4,6.240434485083289e-10
v_t0.025_9_7,6.333062041116927e-10
h1_v_9_7,7.156163139552201e-10
v_t0.1_11_0,7.837971177237287e-10
v_t0.05_5_1,8.104945278285131e-10
v_t0.5_10_0,8.168056250477726e-10
b0_t0.5_8_2,8.378218617204568e-10
h0_n_d_m_t0.5_8_2,8.804379750117092e-10
v_t0.1_7_11,1.073951973783711e-09
c_t0.05_10_8,1.4588948003871594e-09
v_t0.025_10_3,1.5550911994261182e-09
v_t0.1_7_4,1.569346247761501e-09
h1_e_9_7,1.5991391752680335e-09
h1_t_b_8_10,1.6835762810995146e-09
v_t0.025_5_1,1.7766173943340814e-09
b1_t0.1_8_2,2.1140793189928643e-09
h1_v_11_8,2.156771661714026e-09
h0_t_d_10_6,2.16061645434286e-09
v_t0.025_8_11,2.2519284886111933e-09
v_t0.75_8_10,2.256863613739317e-09
c_t0.25_10_0,2.642346677467193e-09
c_t0.025_8_7,2.672262604825413e-09
v_t0.05_8_4,2.769645228109174e-09
c_t0.05_9_6,3.0355522112091354e-09
h1_v_8_9,3.177035677747408e-09
h1_v_6_4,3.2653764645267716e-09
v_t0.25_10_9,3.292936220787079e-09
v_t0.025_9_6,3.6269396476744836e-09
h1_v_11_5,3.648803840259352e-09
v_t0.75_8_7,3.953182914336829e-09
h0_t_d_8_2,4.547744683062858e-09
v_t0.1_9_1,4.7683161831489305e-09
v_t0.75_10_9,4.995943178697351e-09
v_t0.75_10_11,5.2432658678962574e-09
self_9_8,5.277237000014004e-09
h1_s_9_11,6.272729525668205e-09
v_t0.025_9_3,7.204470972425884e-09
e_t0.75_10_11,8.194865745268076e-09
h1_n_b_l_t0.95_9_8,9.294139693865538e-09
v_t0.75_9_8,9.83405178524907e-09
h1_n_b_l_t0.70_8_9,1.0763344475962197e-08
e_t0.75_10_9,1.1340665131208581e-08
h0_n_d_l_t0.25_10_9,1.1340665131208581e-08
h1_s_9_8,1.1462041213840131e-08
h1_n_b_m_t0.25_9_8,1.1803006643381666e-08
h1_nb_9_8,1.1803006643381666e-08
next_10_10,1.2160246981876212e-08
v_t0.1_8_9,1.239401528917826e-08
h1_n_b_m_t0.25_9_11,1.2653372888379744e-08
h1_nb_9_11,1.2653372888379744e-08
h0_n_d_l_t0.25_10_11,1.3117203407792645e-08
self_10_11,1.4212278974474897e-08
h1_n_b_l_t0.95_9_11,1.5721018681592353e-08
v_t0.1_10_2,1.7760554405396354e-08
h1_t_b_9_8,1.854111383009812e-08
v_t0.1_8_0,1.9585343198777477e-08
c_t0.1_10_10,2.1014442809745962e-08
h1_e_7_7,2.1800375354875012e-08
next_11_8,2.729832465983793e-08
v_t0.5_9_11,2.7676185093180922e-08
prev_9_7,2.9305152366998563e-08
c_t0.1_9_9,2.9461494891500688e-08
c_t0.05_9_8,3.110825375302324e-08
prev_10_4,3.308803872736182e-08
h0_t_d_9_9,3.4629953526755405e-08
v_t0.5_8_1,3.549196317185327e-08
v_t0.25_11_0,4.2742730538638185e-08
b1_t0.25_9_7,4.5422226313750275e-08
h0_t_d_11_5,4.742212146624667e-08
v_t0.5_7_4,4.773613589710141e-08
h1_s_8_1,4.8579023445568684e-08
next_8_11,5.2220716259391343e-08
next_10_9,5.4368251312852696e-08
v_t0.025_10_6,5.768948104062594e-08
h1_s_10_5,6.179779240443897e-08
next_10_7,6.416290590209078e-08
e_t0.5_11_0,6.481796764604496e-08
v_t0.1_10_9,6.816662512143679e-08
v_t0.1_7_6,7.049139402808636e-08
beginning_8_2,7.127345123733228e-08
v_t0.25_11_4,7.38505864390806e-08
h1_e_8_9,7.395523775510527e-08
h0_n_d_l_t0.25_9_8,8.891697901766126e-08
b0_t0.75_7_11,9.11271111164376e-08
e_t0.5_10_7,9.225155243617689e-08
h1_n_b_l_t0.70_7_7,9.704931571426012e-08
h1_n_b_m_t0.25_8_1,9.71065317531118e-08
h1_nb_8_1,9.71065317531118e-08
h1_n_b_l_t0.95_8_1,1.0134513166125057e-07
v_t0.1_7_7,1.2040892420535752e-07
b0_t0.25_10_10,1.2124452943566797e-07
h0_n_d_m_t0.75_10_10,1.2124452943566797e-07
e_t0.75_9_8,1.217145795753433e-07
h1_s_9_3,1.2498333194488522e-07
c_t0.5_9_8,1.3305940703570098e-07
h0_t_d_9_7,1.370228235786229e-07
v_t0.25_7_1,1.497449730553997e-07
c_t0.05_8_0,1.6328533665852912e-07
h1_e_6_4,1.6694187785796655e-07
c_t0.05_9_9,1.716577069528023e-07
v_t0.5_8_7,1.8330234996865084e-07
v_t0.025_9_11,2.171503125557103e-07
v_t0.75_8_4,2.3089785480793095e-07
h1_v_8_10,2.391612692485256e-07
h1_n_b_m_t0.25_9_1,2.411265505794095e-07
h1_nb_9_1,2.411265505794095e-07
v_t0.05_10_3,2.489340457007254e-07
v_t0.75_7_1,2.6547411568373135e-07
v_t0.05_10_7,2.719812138754691e-07
h1_n_b_l_t0.95_9_1,2.760587267011908e-07
e_t0.75_9_5,2.7783086020457645e-07
h1_v_10_5,2.80591405195815e-07
h1_t_b_10_4,2.82840717511221e-07
v_t0.75_9_11,2.989270117531433e-07
c_t0.025_9_3,3.027060292391346e-07
v_t0.1_7_2,3.0429018895856736e-07
h1_e_8_10,3.202639808450753e-07
h0_n_d_l_t0.25_9_5,3.229746020470781e-07
c_t0.025_10_2,3.240863520265408e-07
next_11_9,4.123143488849493e-07
b1_t0.25_8_1,4.2439100507076097e-07
c_t0.05_8_7,4.3104632851315226e-07
e_t0.5_9_5,4.490792350988521e-07
beginning_7_11,4.798251217957346e-07
v_t0.1_8_3,4.828352463139471e-07
v_t0.5_10_1,5.118937292714158e-07
h1_nb_9_3,5.232581263195235e-07
h1_n_b_m_t0.25_9_3,5.232581263195235e-07
h1_n_b_l_t0.70_9_2,5.677147568971864e-07
v_t0.1_10_1,5.893040741990803e-07
h1_n_b_l_t0.95_9_3,6.09199059814204e-07
v_t0.05_6_0,6.168466514811998e-07
h0_t_d_11_8,6.841704237058536e-07
self_10_0,7.093748803193446e-07
v_t0.025_8_4,7.290245729040659e-07
v_t0.05_10_9,7.709140187731776e-07
v_t0.75_9_6,7.975081741827344e-07
next_9_8,8.083076449852758e-07
b1_t0.05_7_11,8.344429712556987e-07
v_t0.75_10_10,8.479901744164119e-07
v_t0.05_8_1,9.056147048978574e-07
b1_t0.1_8_10,9.144281688429384e-07
v_t0.5_9_6,9.225694776701684e-07
v_t0.1_7_1,9.727450602068082e-07
next_9_6,9.778742958872408e-07
v_t0.25_9_2,9.923238642833897e-07
h1_s_9_1,9.974476935465409e-07
h0_n_d_l_t0.25_10_10,1.0404567437507708e-06
e_t0.75_10_10,1.0404567437507708e-06
prev_9_0,1.0741896261335012e-06
v_t0.25_10_6,1.0804131171239892e-06
v_t0.25_10_8,1.0897563606039116e-06
h0_t_d_10_4,1.1177379094664715e-06
c_t0.05_9_3,1.1367224027091491e-06
v_t0.5_8_11,1.1430686055213925e-06
v_t0.05_10_6,1.2451047069414224e-06
v_t0.025_11_0,1.2724476646786288e-06
v_t0.05_7_4,1.2917185736739185e-06
b1_t0.1_7_11,1.302995537553074e-06
s_t0.025_9_4,1.3164410068641442e-06
h1_v_10_9,1.3813677280932448e-06
next_9_11,1.397567652265508e-06
h1_e_9_1,1.483805042978924e-06
h1_t_b_8_1,1.588995562941654e-06
next_11_3,1.6106939231379168e-06
v_t0.1_9_9,1.64207949189712e-06
c_t0.025_9_9,1.649849716729281e-06
c_t0.05_10_2,1.7240691186327198e-06
v_t0.25_10_3,1.7470748130095632e-06
v_t0.05_9_4,1.7623525757274415e-06
c_t0.05_9_4,1.795911019926771e-06
h1_e_10_9,1.8298630170668396e-06
next_10_3,1.8729588718192427e-06
v_t0.5_8_4,1.8838468529607784e-06
c_t0.025_9_8,1.896987725773272e-06
h0_n_d_m_t0.75_10_6,1.950888517219922e-06
e_t0.75_8_2,2.1071974392440146e-06
v_t0.1_9_3,2.373848380074583e-06
h0_n_d_m_t0.75_9_9,2.4979696907827127e-06
v_t0.5_7_7,2.612987063360198e-06
b0_t0.25_9_9,2.667209644818027e-06
h0_n_d_m_t0.5_8_0,2.72737462327246e-06
beginning_7_1,2.748513188819279e-06
h1_e_9_11,2.8228166053029497e-06
c_t0.5_10_8,2.965371767769869e-06
b0_t0.25_10_6,3.177819474446536e-06
b1_t0.05_8_2,3.211328827611685e-06
b1_t0.25_7_10,3.2279875950957086e-06
v_t0.025_10_2,3.264113586323404e-06
h1_e_9_3,3.332921278856054e-06
c_t0.025_10_3,3.350249031123664e-06
next_11_7,3.372941900719281e-06
b0_t0.5_8_0,3.4248877815081648e-06
v_t0.05_7_2,3.571556754936279e-06
v_t0.25_11_9,3.5830454389801485e-06
v_t0.1_11_4,3.6141878874563926e-06
h1_nb_10_5,3.8271030844855954e-06
h1_n_b_m_t0.25_10_5,3.8271030844855954e-06
h1_v_9_9,3.869265189904533e-06
c_t0.025_7_3,3.886566171081267e-06
h1_t_b_9_11,3.920978939926546e-06
v_t0.5_10_4,3.937983069389e-06
v_t0.025_9_5,4.030699941015222e-06
next_9_3,4.081215842411209e-06
c_t0.1_9_6,4.122039414317648e-06
h0_n_d_m_t0.5_9_6,4.29827911523785e-06
b1_t0.5_9_8,4.588410064789053e-06
h0_n_d_l_t0.25_10_0,4.67288575774445e-06
v_t0.1_8_11,4.673605569847778e-06
h0_t_d_7_4,4.683684175617369e-06
v_t0.025_11_2,4.820029672090804e-06
v_t0.5_10_6,5.080053571726541e-06
b0_t0.5_9_6,5.122523462740841e-06
v_t0.75_8_8,5.439758786828942e-06
v_t0.25_8_1,5.494718144520555e-06
h1_v_9_3,5.599400253057574e-06
h1_n_b_l_t0.95_10_5,5.64691874173185e-06
v_t0.75_7_2,5.648782458711452e-06
v_t0.5_6_4,5.9512207414212825e-06
h1_s_9_9,6.361058394953821e-06
h1_v_9_11,6.484766437314652e-06
h0_t_d_10_0,7.161261389084116e-06
prev_10_8,7.544885259231419e-06
v_t0.025_7_9,7.888713080099972e-06
v_t0.1_5_0,8.6097692213121e-06
v_t0.25_10_2,8.884790880517052e-06
c_t0.1_8_0,8.986967502348768e-06
next_9_2,9.81045310244994e-06
c_t0.1_10_1,9.883574049447929e-06
v_t0.05_11_0,9.951231195263915e-06
self_8_0,1.0426546502833525e-05
h1_v_11_1,1.05851728262712e-05
v_t0.25_8_0,1.0785491913064064e-05
e_t0.5_9_4,1.084405058139671e-05
self_11_0,1.1273896210635896e-05
h0_n_d_l_t0.25_8_2,1.131053031353408e-05
c_t0.025_10_8,1.136457107738486e-05
v_t0.5_8_9,1.200115834404751e-05
h1_n_b_m_t0.25_9_9,1.2211422181578497e-05
h1_nb_9_9,1.2211422181578497e-05
c_t0.025_11_4,1.2687579007323512e-05
h1_nb_10_4,1.2730485097380823e-05
h1_n_b_m_t0.25_10_4,1.2730485097380823e-05
v_t0.1_11_8,1.34091086406794e-05
b0_t0.25_11_5,1.35518011210233e-05
v_t0.25_8_8,1.5946422824830063e-05
v_t0.1_8_4,1.6730520564710147e-05
v_t0.1_6_7,1.698557987646498e-05
next_7_11,1.752240525105566e-05
h1_v_8_1,1.7830429679361942e-05
v_t0.5_7_10,1.9746764622831387e-05
h1_t_b_7_7,1.97967110019054e-05
c_t0.025_10_4,1.9837976493419975e-05
prev_9_6,2.0099221636605944e-05
h0_n_d_m_t0.5_9_7,2.1289063035547643e-05
c_t0.025_11_2,2.402606114835166e-05
h1_s_10_4,2.446427531652025e-05
h1_t_b_11_1,2.5041427219601455e-05
v_t0.5_9_4,2.6008474440918253e-05
h0_n_d_m_t0.75_11_5,2.6661981093336703e-05
b0_t0.5_9_7,2.6936518895402856e-05
next_10_8,2.8026437860739148e-05
b1_t0.25_7_7,2.8345551270312016e-05
v_t0.25_5_11,2.8986593070160863e-05
h1_s_10_2,2.980986367063852e-05
self_8_11,2.983893313347926e-05
h1_n_b_m_t0.25_10_11,3.114703220900401e-05
h1_nb_10_11,3.114703220900401e-05
b0_t0.5_8_10,3.1742152172015774e-05
h1_e_10_5,3.1895504995802e-05
h1_t_b_10_11,3.224112340096836e-05
h1_v_9_2,3.235258694554147e-05
h1_t_b_9_9,3.301508814556379e-05
h1_s_10_11,3.3632413744627046e-05
h1_n_b_l_t0.70_11_4,3.520081857420633e-05
c_t0.025_9_6,3.5469202695953706e-05
h1_e_9_9,3.581312574023264e-05
h0_n_d_m_t0.5_8_10,3.6004591168220634e-05
h1_t_b_6_4,3.718580514682672e-05
v_t0.75_7_3,4.0939691840591166e-05
next_9_9,4.171265945698342e-05
h0_n_d_m_t0.5_11_0,4.203853515653944e-05
c_t0.025_8_11,4.238597211010079e-05
b0_t0.5_11_0,4.505869023714404e-05
self_9_6,4.819819472484172e-05
beginning_10_9,4.863159552862126e-05
h1_n_b_l_t0.95_10_4,4.890702825759556e-05
v_t0.5_7_11,5.0220395428782685e-05
h1_nb_10_2,5.083535877389887e-05
h1_n_b_m_t0.25_10_2,5.083535877389887e-05
v_t0.25_6_11,5.32858156448423e-05
v_t0.025_8_10,5.386043908819744e-05
e_t0.75_8_6,5.4200746729050606e-05
h1_v_9_1,5.489183032622681e-05
h1_s_8_2,5.557346639900298e-05
v_t0.025_6_0,5.721582457602536e-05
h1_n_b_l_t0.95_10_2,5.765017885847486e-05
h0_t_d_8_10,5.81495265677557e-05
next_8_2,5.864187019588548e-05
v_t0.25_10_0,5.867129820324153e-05
h1_n_b_l_t0.95_9_9,6.20492336048331e-05
h0_n_d_m_t0.5_7_11,6.252006548864416e-05
next_8_10,6.527003056267798e-05
b1_t0.025_10_7,6.645546330939371e-05
next_8_8,6.670993972634119e-05
h0_t_d_11_9,6.729120035206872e-05
prev_11_5,7.022905514852783e-05
h1_e_8_1,7.144592587223712e-05
v_t0.1_6_0,7.148092279986488e-05
v_t0.05_11_2,7.23368556393837e-05
v_t0.5_5_1,7.523073510248733e-05
h1_n_b_m_t0.25_6_1,7.528559098619112e-05
h1_nb_6_1,7.528559098619112e-05
h1_e_9_2,7.563964940230648e-05
v_t0.05_7_9,7.577824714454796e-05
v_t0.025_7_3,7.621268416963573e-05
h0_n_d_m_t0.5_10_3,7.719202476009633e-05
b0_t0.5_10_3,7.856532727624306e-05
h0_n_d_l_t0.25_8_6,7.901472986228819e-05
c_t0.1_7_2,7.915399928564239e-05
h1_n_b_l_t0.95_10_11,7.971239349507576e-05
v_t0.1_7_3,8.003739576891801e-05
b0_t0.25_9_7,8.2316799391527e-05
v_t0.5_11_3,8.243321695953976e-05
h1_n_b_l_t0.95_6_1,8.29298787079986e-05
b1_t0.25_8_9,8.431405306467102e-05
v_t0.1_6_4,8.6311668383966e-05
v_t0.05_9_5,8.636017107794743e-05
beginning_7_3,8.663919291594671e-05
prev_8_9,8.682226926222951e-05
e_t0.5_10_0,8.945748191599894e-05
c_t0.5_10_0,9.031260774616895e-05
h0_t_d_10_3,9.152498112760864e-05
v_t0.75_9_7,9.668267593016418e-05
v_t0.25_7_3,9.776136595505965e-05
h0_n_d_m_t0.75_9_7,0.0001019304670352
c_t0.1_8_2,0.0001021196875227
c_t0.1_8_1,0.0001025338298709
h1_n_b_l_t0.70_6_1,0.00010308867705
beginning_6_11,0.0001036070906015
v_t0.025_8_0,0.0001037959715228
b1_t0.25_6_11,0.0001047942453505
c_t0.025_7_11,0.0001078819563739
e_t0.75_9_3,0.0001128690262994
h0_n_d_l_t0.25_9_3,0.0001128690262994
v_t0.5_9_5,0.0001155406226678
b0_t0.5_7_11,0.0001158206833602
h1_e_10_10,0.0001213670516471
c_t0.25_9_9,0.0001218164500602
v_t0.1_7_10,0.0001219649570858
h0_n_d_m_t0.75_10_3,0.0001220022500561
v_t0.5_6_0,0.000123101756779
h0_n_d_m_t0.75_10_4,0.0001273109768958
b0_t0.25_10_4,0.0001289154902568
h1_v_10_10,0.0001290103716586
h1_n_b_l_t0.95_8_2,0.0001303518486824
h1_n_b_m_t0.25_8_2,0.0001307674502923
h1_nb_8_2,0.0001307674502923
b0_t0.25_10_0,0.0001342916852581
v_t0.75_8_9,0.0001382241563141
b0_t0.75_8_2,0.0001382749379664
b0_t0.25_10_3,0.0001394706283315
next_10_2,0.0001405484159496
v_t0.025_6_1,0.0001407507311252
h0_t_d_7_3,0.0001423056869215
v_t0.1_10_6,0.00014279039866
b1_t0.25_8_2,0.0001441297822511
h0_n_d_m_t0.75_10_0,0.0001479512674977
next_10_6,0.0001507273147008
beginning_10_0,0.0001509845355139
h1_n_b_m_t0.25_8_11,0.0001515867032935
h1_nb_8_11,0.0001515867032935
prev_8_2,0.0001522213935613
h1_n_b_l_t0.95_8_11,0.0001525784921407
b1_t0.1_9_10,0.0001531999443362
v_t0.75_6_0,0.0001540544299143
c_t0.05_10_0,0.0001558700768826
h1_n_b_l_t0.70_8_10,0.0001559649149449
c_t0.025_6_6,0.0001574899122087
h1_s_8_11,0.0001607181352616
prev_6_11,0.0001629506831675
h1_n_b_l_t0.70_7_1,0.0001654085474139
prev_9_11,0.0001732441284587
e_t0.75_8_10,0.0001743212450246
v_t0.025_5_10,0.0001766915050224
v_t0.25_5_5,0.0001781943002289
h0_n_d_l_t0.25_8_10,0.000179456086605
self_10_7,0.0001816135269121
h0_n_d_l_t0.25_9_7,0.0001850881458353
e_t0.75_9_7,0.0001853666111986
c_t0.1_9_2,0.0001896861058002
c_t0.05_9_2,0.0001936271091783
v_t0.05_7_3,0.0001958030689726
v_t0.5_7_1,0.0002047993975828
prev_11_7,0.0002080567731362
v_t0.1_10_7,0.0002165415524745
b0_t0.25_8_2,0.0002230373810473
v_t0.75_9_9,0.0002261321783189
e_t0.75_9_11,0.0002267790127866
v_t0.1_5_1,0.0002479802166746
h1_t_b_6_1,0.0002612305306546
h0_n_d_l_t0.25_9_11,0.0002622519483702
b1_t0.1_7_4,0.0002641275031259
s_t0.025_9_5,0.0002685918569211
v_t0.025_6_11,0.0002720597980827
b1_t0.025_10_10,0.0002868451484708
h0_n_d_l_t0.25_7_9,0.0003043613700792
h1_n_b_l_t0.70_7_10,0.0003053604866715
e_t0.75_7_9,0.0003111007236564
h0_t_d_7_9,0.0003219877758919
beginning_10_4,0.0003284412811327
h1_t_b_8_11,0.0003443550735181
b1_t0.025_11_0,0.0003457061747147
prev_11_8,0.0003494891839578
h1_v_5_5,0.0003501040356694
h1_t_b_10_2,0.0003505052121288
c_t0.05_10_4,0.0003506879692036
v_t0.75_9_3,0.0003558393514237
beginning_10_10,0.0003688751088279
c_t0.05_7_11,0.0003728437306294
next_11_5,0.0003779852348077
v_t0.25_5_1,0.0003990719386168
prev_7_2,0.0004063382223494
h1_v_8_11,0.0004235354627617
h1_e_8_11,0.0004378879216657
c_t0.1_10_4,0.0004458130460535
v_t0.75_9_5,0.0004552734635007
c_t0.025_10_0,0.0004619896124295
h1_v_10_2,0.000476854476847
c_t0.1_9_3,0.0004780915387538
c_t0.05_9_7,0.0004831695135169
v_t0.05_6_7,0.000484558997274
h1_t_b_8_2,0.0005040165671603
c_t0.1_10_11,0.0005040337811567
b1_t0.05_10_7,0.0005106402700261
h1_e_10_2,0.0005154585882842
b1_t0.5_10_0,0.0005211476659005
v_t0.25_7_11,0.0005443274395311
v_t0.05_6_11,0.000545159746472
c_t0.1_7_10,0.0005541616144293
c_t0.1_9_10,0.0005557231393502
h0_n_d_m_t0.75_8_2,0.0005686288883382
next_8_7,0.0005899389423592
h0_s_8_2,0.0006002092215671
b0_t0.5_7_1,0.0006179921846608
v_t0.025_11_10,0.0006333782414102
b1_t0.1_9_7,0.0006357082641622
v_t0.05_8_0,0.0006478115694392
h1_e_9_4,0.0006771528992853
c_t0.05_10_3,0.0006845555975915
c_t0.025_5_1,0.0007025231046608
next_7_2,0.0007127189413242
c_t0.05_6_6,0.0007183941445534
v_t0.025_11_9,0.0007209139930508
b1_t0.25_8_8,0.0007213831502331
c_t0.025_11_10,0.0007237700882274
beginning_8_10,0.0007430948308593
e_t0.75_9_9,0.0007641520279429
v_t0.025_4_5,0.0007896123546019
h1_n_b_l_t0.95_8_7,0.0008030054628204
c_t0.1_10_3,0.0008060735477471
e_t0.75_8_7,0.0008110659665746
v_t0.75_7_9,0.0008130593685033
v_t0.75_6_11,0.0008163861473036
h1_e_8_2,0.0008168737609792
h0_n_d_l_t0.25_9_9,0.0008311590105273
b1_t0.25_9_3,0.000831820430068
c_t0.25_10_5,0.0008350229800008
h1_s_7_10,0.0008357371424702
h0_n_d_l_t0.25_8_7,0.0008383739718426
e_t0.5_11_3,0.0008659394324864
e_t0.025_10_7,0.0008834245964596
h1_e_6_1,0.000886363047396
h1_v_10_4,0.0008902037637811
e_t0.05_11_0,0.0008986753750902
b0_t0.75_6_11,0.0009070860572073
h1_nb_8_7,0.0009138461792285
h1_n_b_m_t0.25_8_7,0.0009138461792285
prev_10_7,0.0009210375998397
beginning_8_8,0.0009298797700331
b1_t0.025_7_11,0.0009300837452763
h1_t_b_9_10,0.0009638177247169
beginning_10_8,0.000967527728635
c_t0.025_8_4,0.000981328684211
b0_t0.75_8_8,0.0009855700649573
v_t0.75_5_1,0.0009913382495973
c_t0.025_8_6,0.0009988192263933
h0_t_d_6_11,0.0010274432114352
c_t0.025_10_9,0.0010583807602127
v_t0.05_11_8,0.0010880066905191
b1_t0.1_9_11,0.0011095413978465
v_t0.1_10_3,0.0011117995872997
b1_t0.25_9_2,0.0011129317602645
c_t0.25_10_1,0.001136825355335
h1_n_b_l_t0.95_11_4,0.0011454514118214
v_t0.025_5_11,0.0011717424554678
b1_t0.25_7_11,0.0012040100090295
v_t0.025_7_2,0.0012122112095575
h1_s_11_4,0.0012135813423832
h0_n_d_m_t0.5_7_1,0.0012293575140529
b1_t0.1_8_1,0.0012437513615767
e_t0.05_8_2,0.0012791952671579
h1_n_b_l_t0.70_9_8,0.0013100166602252
b1_t0.05_11_0,0.0013502621595979
c_t0.1_10_5,0.0013597670134507
next_7_3,0.0013635901088796
h1_e_10_4,0.001395412012304
b1_t0.25_7_1,0.00140448948264
v_t0.05_4_5,0.0014195773045999
v_t0.05_7_1,0.0014488989849973
v_t0.5_8_6,0.001468521805164
s_t0.025_9_9,0.0014907134525189
h1_v_11_10,0.0015332365269404
b1_t0.025_8_2,0.0015360027756296
v_t0.05_8_6,0.0015452605877321
prev_9_1,0.0015541288148734
c_t0.05_6_0,0.0015660830890936
h1_t_b_9_3,0.0016773953332441
e_t0.5_10_3,0.0016825863750188
h1_nb_11_4,0.0016866166837359
h1_n_b_m_t0.25_11_4,0.0016866166837359
v_t0.1_8_8,0.0016953245815973
v_t0.75_8_6,0.0017163809925611
v_t0.75_8_1,0.0017285839464731
v_t0.1_9_10,0.0017468855713421
prev_8_1,0.0017523652218795
c_t0.05_5_1,0.0017644236332597
s_t0.025_9_11,0.0017915596747426
c_t0.05_10_7,0.0017947782594284
e_t0.5_10_9,0.001808206915434
c_t0.1_10_2,0.0018178488440499
h0_t_d_7_1,0.001846397579107
v_t0.1_9_2,0.0018623659832746
h1_s_8_7,0.0018776880368759
prev_7_1,0.0018903571636459
self_10_3,0.001936704260427
c_t0.025_9_7,0.0019495874948766
v_t0.5_10_9,0.0019705474441393
b1_t0.25_7_3,0.001998280217654
e_t0.75_6_0,0.0020035678567917
h1_n_b_l_t0.95_11_1,0.0020320653937243
c_t0.1_8_7,0.0020493382831715
b1_t0.25_9_6,0.0020516067970838
b1_t0.1_7_2,0.0020653614023706
c_t0.05_11_8,0.0020692815202486
h1_e_11_4,0.002115863006997
prev_9_9,0.0021448658254875
c_t0.05_7_2,0.0021490921066539
beginning_10_2,0.0021589176460514
v_t0.025_6_6,0.0021731877031095
h0_t_d_10_9,0.0021768394754663
h0_n_d_m_t0.5_8_11,0.0022077293219948
self_8_2,0.0022078781110281
h1_v_8_2,0.0022134791772713
v_t0.05_5_11,0.0022341100858868
v_t0.1_9_6,0.0022547085021308
v_t0.05_9_10,0.0022836817878074
h1_n_b_l_t0.70_5_5,0.0022928748383829
v_t0.1_10_5,0.0023048640431069
v_t0.25_7_2,0.0023290791756383
h1_t_b_9_1,0.0023444797657801
c_t0.1_9_7,0.0023457023439721
prev_10_2,0.0023561937529891
beginning_8_1,0.0024094596747472
v_t0.25_11_10,0.0024469660801542
b1_t0.25_6_4,0.0024621736105907
e_t0.75_8_4,0.002477977820229
h0_n_d_m_t0.75_11_9,0.0024954469886831
e_t0.25_5_10,0.0025165919665593
h0_e_8_0,0.0026400640130105
v_t0.025_5_7,0.0026553679002949
b0_t0.25_11_9,0.0026994932686339
b0_t0.5_8_11,0.0027087253658056
beginning_7_2,0.002754777511956
h1_s_5_5,0.0027761523244026
b0_t0.5_7_4,0.0028333696319695
v_t0.25_11_2,0.002834160518827
v_t0.025_8_3,0.0028868151984666
v_t0.05_6_9,0.0028884275322144
v_t0.75_10_8,0.0029123286078217
h0_n_d_m_t0.5_7_9,0.0029158204175305
h0_n_d_m_t0.5_7_4,0.002919363547972
h1_n_b_l_t0.95_7_10,0.0029434745583206
h1_nb_7_10,0.0029616626069983
h1_n_b_m_t0.25_7_10,0.0029616626069983
beginning_10_3,0.0030146728411191
b1_t0.25_9_1,0.0030427894949268
h0_n_d_l_t0.25_6_0,0.0030489848619342
c_t0.1_7_7,0.0031187219448538
h1_n_b_l_t0.95_9_4,0.0031466893412074
b1_t0.25_5_11,0.0031616168875088
e_t0.75_10_8,0.0032135985269679
e_t0.5_10_8,0.0032183647598285
b0_t0.5_9_3,0.0032476342414227
h0_n_d_m_t0.5_9_3,0.0033236641788185
v_t0.5_9_1,0.0033603810431488
b0_t0.75_7_2,0.0033632420512918
h1_t_b_9_6,0.0034169434694167
b1_t0.5_10_8,0.0034328118175116
v_t0.1_11_7,0.0034733463208897
h1_e_8_7,0.0035193905746933
h1_s_9_6,0.0035426151086976
s_t0.025_4_10,0.0035650277669194
h1_n_b_m_t0.25_9_4,0.0036238111685728
h1_nb_9_4,0.0036238111685728
next_6_4,0.0036585271745485
v_t0.025_4_4,0.0036749024112941
dot_4_4,0.0036797888808192
v_t0.5_7_9,0.0037380460788879
b1_t0.05_6_11,0.0038237629253921
h0_n_d_l_t0.25_8_4,0.0038241026884957
v_t0.05_6_6,0.0038376971446236
v_t0.5_5_7,0.0038698344171852
v_t0.05_6_1,0.0039135541890678
e_t0.75_8_1,0.0039282520786597
h0_n_d_l_t0.25_8_1,0.0039349116629995
c_t0.05_9_5,0.0039443924944859
h1_t_b_10_3,0.0039472431406303
s_t0.025_10_7,0.0039547767386656
b1_t0.1_8_7,0.003985995501919
h1_v_11_4,0.003989320823724
prev_10_3,0.004081453935799
e_t0.025_8_2,0.0041097826089812
s_t0.025_8_2,0.0041168187429837
beginning_8_9,0.004116982845915
h1_v_8_7,0.0041246581863114
h1_t_b_5_11,0.0041592805857547
b0_t0.5_10_6,0.00416296168446
h0_n_d_m_t0.75_7_9,0.0041839575679757
b0_t0.5_7_9,0.0041861871732924
v_t0.1_6_11,0.0041989595659506
v_t0.05_9_1,0.0042002978660957
h0_t_d_10_1,0.0042472177251202
h1_v_9_8,0.0042684508163196
h1_e_9_8,0.0042776068516728
h1_n_b_m_t0.25_9_6,0.0042817781000852
h1_nb_9_6,0.0042817781000852
c_t0.025_7_1,0.0042894203843919
h0_n_d_m_t0.5_10_6,0.0044656396637759
c_t0.25_10_10,0.0044777079294501
v_t0.25_9_5,0.0045106000115159
e_t0.5_10_4,0.0045245601586479
c_t0.25_11_0,0.0045674808860209
prev_7_10,0.0046551261965555
c_t0.025_7_10,0.0046563767620378
beginning_11_9,0.0047250526363319
e_t0.5_10_1,0.0047567678098596
b0_t0.25_11_8,0.0047843513863678
v_t0.1_11_5,0.0047860748291848
next_7_4,0.0048245959143585
c_t0.05_11_2,0.0048624409127829
h0_n_d_m_t0.5_9_9,0.0049100698367367
b0_t0.5_9_9,0.0049280381488156
h1_v_10_1,0.0049334151176358
next_7_9,0.0050129591120507
h0_n_d_m_t0.75_11_8,0.0050187625148798
b0_t0.25_7_9,0.0051143428039723
b1_t0.75_10_8,0.0052118374461563
c_t0.75_10_8,0.0052118374461563
c_t0.1_6_0,0.0052715699065971
h0_t_d_8_11,0.0052953609970571
h1_s_10_3,0.0053425611634333
h1_n_b_l_t0.95_9_6,0.0054050915205217
v_t0.75_8_5,0.0054384788026845
b1_t0.1_6_11,0.0054564836458014
b0_t0.75_9_6,0.0055069357833429
c_t0.05_8_4,0.0055923116453514
e_t0.5_11_5,0.0057887866318404
b0_t0.75_7_3,0.0058254780042832
e_t0.75_10_5,0.0059550155387253
h0_n_d_l_t0.25_10_5,0.0059550155387253
v_t0.75_10_5,0.0059959528244382
h1_n_b_l_t0.70_8_7,0.0059973457756156
c_t0.05_7_10,0.006065728368246
v_t0.5_11_5,0.0060725348013943
h1_t_b_10_0,0.0061788902662226
e_t0.025_11_0,0.0061914660508444
h1_n_b_l_t0.70_8_11,0.0062280888257536
h0_s_7_11,0.0063078159932391
self_9_9,0.0063820646794228
h1_t_b_11_10,0.0064030656700864
v_t0.05_8_5,0.0064548747408227
c_t0.05_11_4,0.006507393081112
s_t0.025_10_9,0.0065559285257046
h1_t_b_7_4,0.006764927360754
prev_10_5,0.0068720142705314
c_t0.1_8_9,0.0069666894150566
next_8_0,0.0069876640802796
h1_s_7_4,0.0070115138142042
v_t0.05_9_2,0.0070193299911701
v_t0.025_7_1,0.0070251087572019
h1_n_b_m_t0.25_7_4,0.0071813954138701
h1_n_b_l_t0.95_7_4,0.0071813954138701
h1_nb_7_4,0.0071813954138701
b1_t0.025_10_4,0.007382072343991
v_t0.5_11_2,0.007430220326801
c_t0.1_5_2,0.0076070710770602
b1_t0.25_9_11,0.0076576158982659
v_t0.05_4_9,0.0076592209524901
h0_n_d_m_t0.5_8_9,0.0077533397019985
h0_n_d_m_t0.75_9_0,0.0078002662134418
h1_s_8_0,0.0078435752784454
v_t0.025_4_9,0.0078476600952719
b1_t0.25_7_4,0.0079266730941494
h0_n_d_m_t0.75_8_10,0.0079513780396219
h1_nb_10_3,0.008020174552214
h1_n_b_m_t0.25_10_3,0.008020174552214
h0_n_d_m_t0.75_11_4,0.008065317234637
e_t0.5_4_6,0.0080907280794191
self_8_7,0.0081054942462677
h1_v_11_9,0.0081170951309754
prev_11_3,0.0081237320944661
h0_t_d_8_1,0.0081511845631938
b0_t0.5_8_1,0.0082965520503361
b0_t0.25_11_4,0.0083106170187885
b1_t0.1_7_6,0.0083600508080252
h1_t_b_8_7,0.0083808605164933
v_t0.25_4_9,0.0083853512541339
b0_t0.25_9_3,0.0083943890288984
b0_t0.5_8_9,0.0084134393315654
v_t0.1_5_2,0.0084921067222875
b0_t0.25_8_10,0.0086024586862262
h0_t_d_9_6,0.0086970086110789
v_t0.25_11_8,0.0087300406220262
b1_t0.05_7_9,0.0087613389750061
next_7_7,0.0088431140282002
b0_t0.75_7_1,0.0088652286162001
beginning_7_7,0.0089078098975444
b1_t0.025_10_3,0.0091425324797099
h0_n_d_m_t0.75_5_11,0.0091667960441479
c_t0.025_8_8,0.0091673028649374
v_t0.75_10_0,0.0091674114871974
v_t0.05_11_9,0.0092931995819806
c_t0.05_10_5,0.0094058863964821
b1_t0.1_8_4,0.0094505809096395
h0_n_d_m_t0.5_8_1,0.0094788653045507
b1_t0.5_7_10,0.009493297343581
c_t0.5_7_10,0.009493297343581
v_t0.05_5_4,0.0095494185686769
h1_n_b_l_t0.95_10_3,0.0095799821000669
dot_7_10,0.0096299145270181
s_t0.025_11_10,0.0098057647143277
h0_n_d_m_t0.75_6_0,0.0098104317939033
s_t0.025_11_2,0.0098603380267526
v_t0.5_11_7,0.009957132732025
b1_t0.1_6_7,0.0100985767615886
h0_t_d_11_4,0.0103282532709519
v_t0.025_8_5,0.0104501073305432
v_t0.025_3_1,0.0104568603170248
h0_t_d_5_1,0.0104680900328838
h0_n_d_m_t0.75_9_3,0.0105145604891567
v_t0.25_6_6,0.0105194279439282
b0_t0.5_10_0,0.0105202033644085
h1_v_11_11,0.0105468110754679
h1_t_b_9_0,0.010557345873125
b1_t0.05_8_10,0.010608358645533
b1_t0.25_7_2,0.01075796200823
b0_t0.25_5_11,0.0107778923344235
prev_8_8,0.010813928269182
h0_n_d_l_t0.25_6_6,0.0108544328317421
e_t0.75_6_6,0.0108544328317421
h0_n_d_l_t0.25_8_9,0.0109127274958374
e_t0.75_8_9,0.0109127274958374
v_t0.05_7_6,0.0109132808691509
self_10_4,0.0109423148071552
v_t0.25_4_2,0.0109460350602493
h1_v_11_6,0.0111393962328193
e_t0.75_10_0,0.011180886648046
h0_n_d_m_t0.5_10_0,0.0112444863338766
c_t0.025_9_5,0.0112924651205
e_t0.5_9_3,0.0114969595780167
v_t0.25_5_10,0.0115878533785854
h0_n_d_m_t0.5_9_11,0.0116947482292313
e_t0.75_6_1,0.0117300563880543
h0_n_d_l_t0.25_6_1,0.0117300563880543
v_t0.025_5_4,0.0117723847646793
c_t0.05_11_0,0.0119122922723779
b0_t0.5_9_11,0.0119505901708586
h1_v_7_10,0.0122846580506795
h1_n_b_l_t0.95_10_8,0.0123013861913213
h0_n_d_l_t0.25_3_1,0.0123052567479616
e_t0.25_11_4,0.0123124245473455
e_t0.25_9_5,0.0123845791384143
b0_t0.25_6_0,0.0124785658078541
b0_t0.25_9_0,0.0125136373816813
c_t0.25_10_4,0.0125151843062351
b1_t0.1_9_1,0.0125167569046689
beginning_10_6,0.012565671160042
e_t0.1_8_2,0.0130757783610321
v_t0.75_4_4,0.0131406693808354
v_t0.25_9_4,0.0132900972024933
c_t0.25_5_8,0.0134232527163967
h1_s_9_4,0.0134494237781988
b0_t0.75_8_5,0.0134552602904615
beginning_8_7,0.0134856480834082
v_t0.1_8_5,0.0136479439236255
h0_n_d_l_t0.25_3_10,0.0137438813836191
e_t0.75_3_10,0.0137438813836191
h1_t_b_11_5,0.0137543815469825
h1_t_b_10_8,0.013858216603579
b1_t0.1_7_3,0.0139817591132919
v_t0.05_4_8,0.0140874926692399
v_t0.75_3_10,0.0141295381644137
b1_t0.025_9_8,0.0142067721252931
v_t0.75_10_2,0.0142090357457941
e_t0.75_3_1,0.014223998172886
h1_e_7_11,0.0142784489046423
h1_v_7_11,0.0142784489046423
h0_n_d_l_t0.25_10_2,0.0144630823230777
h0_n_d_l_t0.25_9_4,0.0144754892486781
c_t0.05_8_9,0.0146228032392934
e_t0.75_10_2,0.0146281739113295
h0_t_d_8_7,0.0147726564427393
h1_n_b_l_t0.70_7_2,0.0147953463405325
v_t0.25_8_4,0.0147960237300023
beginning_6_4,0.0150241231897256
e_t0.5_10_6,0.0151871373693728
h1_s_10_8,0.0153361425293232
b1_t0.1_8_3,0.0154961228017987
b0_t0.25_5_1,0.0155708944645385
e_t0.75_7_0,0.0156858758845112
h1_n_b_m_t0.25_10_8,0.0157468197768533
h1_nb_10_8,0.0157468197768533
v_t0.5_7_3,0.0166490244705154
h1_t_b_11_0,0.0166666471886233
e_t0.5_5_7,0.016688555558459
